Constellation,From,To
Aquarius,1901-02-16,1901-03-11
Pisces,1901-03-12,1901-04-18
Aries,1901-04-19,1901-05-13
Taurus,1901-05-14,1901-06-20
Gemini,1901-06-21,1901-07-20
Cancer,1901-07-21,1901-08-10
Leo,1901-08-11,1901-09-16
Virgo,1901-09-17,1901-10-30
Libra,1901-10-31,1901-11-22
Scorpius,1901-11-23,1901-11-29
Ophiucus,1901-11-30,1901-12-17
Sagittarius,1901-12-18,1901-01-19
Capricornus,1901-01-20,1901-02-15
Aquarius,1902-02-16,1902-03-11
Pisces,1902-03-12,1902-04-18
Aries,1902-04-19,1902-05-13
Taurus,1902-05-14,1902-06-21
Gemini,1902-06-22,1902-07-20
Cancer,1902-07-21,1902-08-10
Leo,1902-08-11,1902-09-16
Virgo,1902-09-17,1902-10-30
Libra,1902-10-31,1902-11-22
Scorpius,1902-11-23,1902-11-29
Ophiucus,1902-11-30,1902-12-17
Sagittarius,1902-12-18,1902-01-19
Capricornus,1902-01-20,1902-02-15
Aquarius,1903-02-16,1903-03-12
Pisces,1903-03-13,1903-04-18
Aries,1903-04-19,1903-05-14
Taurus,1903-05-15,1903-06-21
Gemini,1903-06-22,1903-07-20
Cancer,1903-07-21,1903-08-10
Leo,1903-08-11,1903-09-16
Virgo,1903-09-17,1903-10-31
Libra,1903-11-01,1903-11-23
Scorpius,1903-11-24,1903-11-29
Ophiucus,1903-11-30,1903-12-18
Sagittarius,1903-12-19,1903-01-19
Capricornus,1903-01-20,1903-02-15
Aquarius,1904-02-17,1904-03-11
Pisces,1904-03-12,1904-04-17
Aries,1904-04-18,1904-05-13
Taurus,1904-05-14,1904-06-20
Gemini,1904-06-21,1904-07-19
Cancer,1904-07-20,1904-08-09
Leo,1904-08-10,1904-09-15
Virgo,1904-09-16,1904-10-30
Libra,1904-10-31,1904-11-22
Scorpius,1904-11-23,1904-11-28
Ophiucus,1904-11-29,1904-12-17
Sagittarius,1904-12-18,1904-01-19
Capricornus,1904-01-20,1904-02-16
Aquarius,1905-02-16,1905-03-11
Pisces,1905-03-12,1905-04-18
Aries,1905-04-19,1905-05-13
Taurus,1905-05-14,1905-06-20
Gemini,1905-06-21,1905-07-20
Cancer,1905-07-21,1905-08-10
Leo,1905-08-11,1905-09-16
Virgo,1905-09-17,1905-10-30
Libra,1905-10-31,1905-11-22
Scorpius,1905-11-23,1905-11-29
Ophiucus,1905-11-30,1905-12-17
Sagittarius,1905-12-18,1905-01-19
Capricornus,1905-01-20,1905-02-15
Aquarius,1906-02-16,1906-03-11
Pisces,1906-03-12,1906-04-18
Aries,1906-04-19,1906-05-13
Taurus,1906-05-14,1906-06-21
Gemini,1906-06-22,1906-07-20
Cancer,1906-07-21,1906-08-10
Leo,1906-08-11,1906-09-16
Virgo,1906-09-17,1906-10-30
Libra,1906-10-31,1906-11-22
Scorpius,1906-11-23,1906-11-29
Ophiucus,1906-11-30,1906-12-17
Sagittarius,1906-12-18,1906-01-19
Capricornus,1906-01-20,1906-02-15
Aquarius,1907-02-17,1907-03-12
Pisces,1907-03-13,1907-04-18
Aries,1907-04-19,1907-05-14
Taurus,1907-05-15,1907-06-21
Gemini,1907-06-22,1907-07-20
Cancer,1907-07-21,1907-08-10
Leo,1907-08-11,1907-09-16
Virgo,1907-09-17,1907-10-31
Libra,1907-11-01,1907-11-23
Scorpius,1907-11-24,1907-11-29
Ophiucus,1907-11-30,1907-12-18
Sagittarius,1907-12-19,1907-01-19
Capricornus,1907-01-20,1907-02-16
Aquarius,1908-02-17,1908-03-11
Pisces,1908-03-12,1908-04-17
Aries,1908-04-18,1908-05-13
Taurus,1908-05-14,1908-06-20
Gemini,1908-06-21,1908-07-19
Cancer,1908-07-20,1908-08-09
Leo,1908-08-10,1908-09-15
Virgo,1908-09-16,1908-10-30
Libra,1908-10-31,1908-11-22
Scorpius,1908-11-23,1908-11-28
Ophiucus,1908-11-29,1908-12-17
Sagittarius,1908-12-18,1908-01-19
Capricornus,1908-01-20,1908-02-16
Aquarius,1909-02-16,1909-03-11
Pisces,1909-03-12,1909-04-18
Aries,1909-04-19,1909-05-13
Taurus,1909-05-14,1909-06-20
Gemini,1909-06-21,1909-07-20
Cancer,1909-07-21,1909-08-10
Leo,1909-08-11,1909-09-16
Virgo,1909-09-17,1909-10-30
Libra,1909-10-31,1909-11-22
Scorpius,1909-11-23,1909-11-29
Ophiucus,1909-11-30,1909-12-17
Sagittarius,1909-12-18,1909-01-19
Capricornus,1909-01-20,1909-02-15
Aquarius,1910-02-16,1910-03-11
Pisces,1910-03-12,1910-04-18
Aries,1910-04-19,1910-05-13
Taurus,1910-05-14,1910-06-21
Gemini,1910-06-22,1910-07-20
Cancer,1910-07-21,1910-08-10
Leo,1910-08-11,1910-09-16
Virgo,1910-09-17,1910-10-30
Libra,1910-10-31,1910-11-22
Scorpius,1910-11-23,1910-11-29
Ophiucus,1910-11-30,1910-12-17
Sagittarius,1910-12-18,1910-01-19
Capricornus,1910-01-20,1910-02-15
Aquarius,1911-02-17,1911-03-12
Pisces,1911-03-13,1911-04-18
Aries,1911-04-19,1911-05-14
Taurus,1911-05-15,1911-06-21
Gemini,1911-06-22,1911-07-20
Cancer,1911-07-21,1911-08-10
Leo,1911-08-11,1911-09-16
Virgo,1911-09-17,1911-10-31
Libra,1911-11-01,1911-11-23
Scorpius,1911-11-24,1911-11-29
Ophiucus,1911-11-30,1911-12-18
Sagittarius,1911-12-19,1911-01-19
Capricornus,1911-01-20,1911-02-16
Aquarius,1912-02-17,1912-03-11
Pisces,1912-03-12,1912-04-17
Aries,1912-04-18,1912-05-13
Taurus,1912-05-14,1912-06-20
Gemini,1912-06-21,1912-07-19
Cancer,1912-07-20,1912-08-09
Leo,1912-08-10,1912-09-15
Virgo,1912-09-16,1912-10-30
Libra,1912-10-31,1912-11-22
Scorpius,1912-11-23,1912-11-29
Ophiucus,1912-11-30,1912-12-17
Sagittarius,1912-12-18,1912-01-19
Capricornus,1912-01-20,1912-02-16
Aquarius,1913-02-16,1913-03-11
Pisces,1913-03-12,1913-04-18
Aries,1913-04-19,1913-05-13
Taurus,1913-05-14,1913-06-20
Gemini,1913-06-21,1913-07-20
Cancer,1913-07-21,1913-08-10
Leo,1913-08-11,1913-09-16
Virgo,1913-09-17,1913-10-30
Libra,1913-10-31,1913-11-22
Scorpius,1913-11-23,1913-11-29
Ophiucus,1913-11-30,1913-12-17
Sagittarius,1913-12-18,1913-01-19
Capricornus,1913-01-20,1913-02-15
Aquarius,1914-02-16,1914-03-11
Pisces,1914-03-12,1914-04-18
Aries,1914-04-19,1914-05-13
Taurus,1914-05-14,1914-06-21
Gemini,1914-06-22,1914-07-20
Cancer,1914-07-21,1914-08-10
Leo,1914-08-11,1914-09-16
Virgo,1914-09-17,1914-10-30
Libra,1914-10-31,1914-11-22
Scorpius,1914-11-23,1914-11-29
Ophiucus,1914-11-30,1914-12-17
Sagittarius,1914-12-18,1914-01-19
Capricornus,1914-01-20,1914-02-15
Aquarius,1915-02-17,1915-03-12
Pisces,1915-03-13,1915-04-18
Aries,1915-04-19,1915-05-14
Taurus,1915-05-15,1915-06-21
Gemini,1915-06-22,1915-07-20
Cancer,1915-07-21,1915-08-10
Leo,1915-08-11,1915-09-16
Virgo,1915-09-17,1915-10-31
Libra,1915-11-01,1915-11-23
Scorpius,1915-11-24,1915-11-29
Ophiucus,1915-11-30,1915-12-18
Sagittarius,1915-12-19,1915-01-19
Capricornus,1915-01-20,1915-02-16
Aquarius,1916-02-17,1916-03-11
Pisces,1916-03-12,1916-04-17
Aries,1916-04-18,1916-05-13
Taurus,1916-05-14,1916-06-20
Gemini,1916-06-21,1916-07-19
Cancer,1916-07-20,1916-08-09
Leo,1916-08-10,1916-09-15
Virgo,1916-09-16,1916-10-30
Libra,1916-10-31,1916-11-22
Scorpius,1916-11-23,1916-11-29
Ophiucus,1916-11-30,1916-12-17
Sagittarius,1916-12-18,1916-01-19
Capricornus,1916-01-20,1916-02-16
Aquarius,1917-02-16,1917-03-11
Pisces,1917-03-12,1917-04-18
Aries,1917-04-19,1917-05-13
Taurus,1917-05-14,1917-06-20
Gemini,1917-06-21,1917-07-20
Cancer,1917-07-21,1917-08-10
Leo,1917-08-11,1917-09-16
Virgo,1917-09-17,1917-10-30
Libra,1917-10-31,1917-11-22
Scorpius,1917-11-23,1917-11-29
Ophiucus,1917-11-30,1917-12-17
Sagittarius,1917-12-18,1917-01-19
Capricornus,1917-01-20,1917-02-15
Aquarius,1918-02-16,1918-03-11
Pisces,1918-03-12,1918-04-18
Aries,1918-04-19,1918-05-13
Taurus,1918-05-14,1918-06-21
Gemini,1918-06-22,1918-07-20
Cancer,1918-07-21,1918-08-10
Leo,1918-08-11,1918-09-16
Virgo,1918-09-17,1918-10-30
Libra,1918-10-31,1918-11-22
Scorpius,1918-11-23,1918-11-29
Ophiucus,1918-11-30,1918-12-17
Sagittarius,1918-12-18,1918-01-19
Capricornus,1918-01-20,1918-02-15
Aquarius,1919-02-17,1919-03-12
Pisces,1919-03-13,1919-04-18
Aries,1919-04-19,1919-05-14
Taurus,1919-05-15,1919-06-21
Gemini,1919-06-22,1919-07-20
Cancer,1919-07-21,1919-08-10
Leo,1919-08-11,1919-09-16
Virgo,1919-09-17,1919-10-31
Libra,1919-11-01,1919-11-23
Scorpius,1919-11-24,1919-11-29
Ophiucus,1919-11-30,1919-12-18
Sagittarius,1919-12-19,1919-01-19
Capricornus,1919-01-20,1919-02-16
Aquarius,1920-02-17,1920-03-11
Pisces,1920-03-12,1920-04-17
Aries,1920-04-18,1920-05-13
Taurus,1920-05-14,1920-06-20
Gemini,1920-06-21,1920-07-19
Cancer,1920-07-20,1920-08-09
Leo,1920-08-10,1920-09-15
Virgo,1920-09-16,1920-10-30
Libra,1920-10-31,1920-11-22
Scorpius,1920-11-23,1920-11-29
Ophiucus,1920-11-30,1920-12-17
Sagittarius,1920-12-18,1920-01-19
Capricornus,1920-01-20,1920-02-16
Aquarius,1921-02-16,1921-03-11
Pisces,1921-03-12,1921-04-18
Aries,1921-04-19,1921-05-13
Taurus,1921-05-14,1921-06-20
Gemini,1921-06-21,1921-07-20
Cancer,1921-07-21,1921-08-10
Leo,1921-08-11,1921-09-16
Virgo,1921-09-17,1921-10-30
Libra,1921-10-31,1921-11-22
Scorpius,1921-11-23,1921-11-29
Ophiucus,1921-11-30,1921-12-17
Sagittarius,1921-12-18,1921-01-19
Capricornus,1921-01-20,1921-02-15
Aquarius,1922-02-16,1922-03-11
Pisces,1922-03-12,1922-04-18
Aries,1922-04-19,1922-05-13
Taurus,1922-05-14,1922-06-21
Gemini,1922-06-22,1922-07-20
Cancer,1922-07-21,1922-08-10
Leo,1922-08-11,1922-09-16
Virgo,1922-09-17,1922-10-30
Libra,1922-10-31,1922-11-23
Scorpius,1922-11-24,1922-11-29
Ophiucus,1922-11-30,1922-12-17
Sagittarius,1922-12-18,1922-01-19
Capricornus,1922-01-20,1922-02-15
Aquarius,1923-02-17,1923-03-12
Pisces,1923-03-13,1923-04-18
Aries,1923-04-19,1923-05-14
Taurus,1923-05-15,1923-06-21
Gemini,1923-06-22,1923-07-20
Cancer,1923-07-21,1923-08-10
Leo,1923-08-11,1923-09-16
Virgo,1923-09-17,1923-10-31
Libra,1923-11-01,1923-11-23
Scorpius,1923-11-24,1923-11-29
Ophiucus,1923-11-30,1923-12-18
Sagittarius,1923-12-19,1923-01-19
Capricornus,1923-01-20,1923-02-16
Aquarius,1924-02-17,1924-03-11
Pisces,1924-03-12,1924-04-17
Aries,1924-04-18,1924-05-13
Taurus,1924-05-14,1924-06-20
Gemini,1924-06-21,1924-07-19
Cancer,1924-07-20,1924-08-09
Leo,1924-08-10,1924-09-15
Virgo,1924-09-16,1924-10-30
Libra,1924-10-31,1924-11-22
Scorpius,1924-11-23,1924-11-29
Ophiucus,1924-11-30,1924-12-17
Sagittarius,1924-12-18,1924-01-19
Capricornus,1924-01-20,1924-02-16
Aquarius,1925-02-16,1925-03-11
Pisces,1925-03-12,1925-04-18
Aries,1925-04-19,1925-05-13
Taurus,1925-05-14,1925-06-21
Gemini,1925-06-22,1925-07-20
Cancer,1925-07-21,1925-08-10
Leo,1925-08-11,1925-09-16
Virgo,1925-09-17,1925-10-30
Libra,1925-10-31,1925-11-22
Scorpius,1925-11-23,1925-11-29
Ophiucus,1925-11-30,1925-12-17
Sagittarius,1925-12-18,1925-01-19
Capricornus,1925-01-20,1925-02-15
Aquarius,1926-02-16,1926-03-11
Pisces,1926-03-12,1926-04-18
Aries,1926-04-19,1926-05-13
Taurus,1926-05-14,1926-06-21
Gemini,1926-06-22,1926-07-20
Cancer,1926-07-21,1926-08-10
Leo,1926-08-11,1926-09-16
Virgo,1926-09-17,1926-10-30
Libra,1926-10-31,1926-11-23
Scorpius,1926-11-24,1926-11-29
Ophiucus,1926-11-30,1926-12-17
Sagittarius,1926-12-18,1926-01-19
Capricornus,1926-01-20,1926-02-15
Aquarius,1927-02-17,1927-03-12
Pisces,1927-03-13,1927-04-18
Aries,1927-04-19,1927-05-14
Taurus,1927-05-15,1927-06-21
Gemini,1927-06-22,1927-07-20
Cancer,1927-07-21,1927-08-10
Leo,1927-08-11,1927-09-16
Virgo,1927-09-17,1927-10-31
Libra,1927-11-01,1927-11-23
Scorpius,1927-11-24,1927-11-29
Ophiucus,1927-11-30,1927-12-18
Sagittarius,1927-12-19,1927-01-19
Capricornus,1927-01-20,1927-02-16
Aquarius,1928-02-17,1928-03-11
Pisces,1928-03-12,1928-04-17
Aries,1928-04-18,1928-05-13
Taurus,1928-05-14,1928-06-20
Gemini,1928-06-21,1928-07-19
Cancer,1928-07-20,1928-08-09
Leo,1928-08-10,1928-09-15
Virgo,1928-09-16,1928-10-30
Libra,1928-10-31,1928-11-22
Scorpius,1928-11-23,1928-11-29
Ophiucus,1928-11-30,1928-12-17
Sagittarius,1928-12-18,1928-01-19
Capricornus,1928-01-20,1928-02-16
Aquarius,1929-02-16,1929-03-11
Pisces,1929-03-12,1929-04-18
Aries,1929-04-19,1929-05-13
Taurus,1929-05-14,1929-06-21
Gemini,1929-06-22,1929-07-20
Cancer,1929-07-21,1929-08-10
Leo,1929-08-11,1929-09-16
Virgo,1929-09-17,1929-10-30
Libra,1929-10-31,1929-11-22
Scorpius,1929-11-23,1929-11-29
Ophiucus,1929-11-30,1929-12-17
Sagittarius,1929-12-18,1929-01-19
Capricornus,1929-01-20,1929-02-15
Aquarius,1930-02-16,1930-03-11
Pisces,1930-03-12,1930-04-18
Aries,1930-04-19,1930-05-13
Taurus,1930-05-14,1930-06-21
Gemini,1930-06-22,1930-07-20
Cancer,1930-07-21,1930-08-10
Leo,1930-08-11,1930-09-16
Virgo,1930-09-17,1930-10-30
Libra,1930-10-31,1930-11-23
Scorpius,1930-11-24,1930-11-29
Ophiucus,1930-11-30,1930-12-17
Sagittarius,1930-12-18,1930-01-19
Capricornus,1930-01-20,1930-02-15
Aquarius,1931-02-17,1931-03-12
Pisces,1931-03-13,1931-04-18
Aries,1931-04-19,1931-05-14
Taurus,1931-05-15,1931-06-21
Gemini,1931-06-22,1931-07-20
Cancer,1931-07-21,1931-08-10
Leo,1931-08-11,1931-09-16
Virgo,1931-09-17,1931-10-31
Libra,1931-11-01,1931-11-23
Scorpius,1931-11-24,1931-11-29
Ophiucus,1931-11-30,1931-12-18
Sagittarius,1931-12-19,1931-01-19
Capricornus,1931-01-20,1931-02-16
Aquarius,1932-02-17,1932-03-11
Pisces,1932-03-12,1932-04-17
Aries,1932-04-18,1932-05-13
Taurus,1932-05-14,1932-06-20
Gemini,1932-06-21,1932-07-19
Cancer,1932-07-20,1932-08-09
Leo,1932-08-10,1932-09-16
Virgo,1932-09-17,1932-10-30
Libra,1932-10-31,1932-11-22
Scorpius,1932-11-23,1932-11-29
Ophiucus,1932-11-30,1932-12-17
Sagittarius,1932-12-18,1932-01-19
Capricornus,1932-01-20,1932-02-16
Aquarius,1933-02-16,1933-03-11
Pisces,1933-03-12,1933-04-18
Aries,1933-04-19,1933-05-13
Taurus,1933-05-14,1933-06-21
Gemini,1933-06-22,1933-07-20
Cancer,1933-07-21,1933-08-10
Leo,1933-08-11,1933-09-16
Virgo,1933-09-17,1933-10-30
Libra,1933-10-31,1933-11-22
Scorpius,1933-11-23,1933-11-29
Ophiucus,1933-11-30,1933-12-17
Sagittarius,1933-12-18,1933-01-19
Capricornus,1933-01-20,1933-02-15
Aquarius,1934-02-16,1934-03-12
Pisces,1934-03-13,1934-04-18
Aries,1934-04-19,1934-05-13
Taurus,1934-05-14,1934-06-21
Gemini,1934-06-22,1934-07-20
Cancer,1934-07-21,1934-08-10
Leo,1934-08-11,1934-09-16
Virgo,1934-09-17,1934-10-31
Libra,1934-11-01,1934-11-23
Scorpius,1934-11-24,1934-11-29
Ophiucus,1934-11-30,1934-12-17
Sagittarius,1934-12-18,1934-01-19
Capricornus,1934-01-20,1934-02-15
Aquarius,1935-02-17,1935-03-12
Pisces,1935-03-13,1935-04-18
Aries,1935-04-19,1935-05-14
Taurus,1935-05-15,1935-06-21
Gemini,1935-06-22,1935-07-20
Cancer,1935-07-21,1935-08-10
Leo,1935-08-11,1935-09-16
Virgo,1935-09-17,1935-10-31
Libra,1935-11-01,1935-11-23
Scorpius,1935-11-24,1935-11-29
Ophiucus,1935-11-30,1935-12-18
Sagittarius,1935-12-19,1935-01-19
Capricornus,1935-01-20,1935-02-16
Aquarius,1936-02-17,1936-03-11
Pisces,1936-03-12,1936-04-18
Aries,1936-04-19,1936-05-13
Taurus,1936-05-14,1936-06-20
Gemini,1936-06-21,1936-07-20
Cancer,1936-07-21,1936-08-09
Leo,1936-08-10,1936-09-16
Virgo,1936-09-17,1936-10-30
Libra,1936-10-31,1936-11-22
Scorpius,1936-11-23,1936-11-29
Ophiucus,1936-11-30,1936-12-17
Sagittarius,1936-12-18,1936-01-20
Capricornus,1936-01-21,1936-02-16
Aquarius,1937-02-16,1937-03-11
Pisces,1937-03-12,1937-04-18
Aries,1937-04-19,1937-05-13
Taurus,1937-05-14,1937-06-21
Gemini,1937-06-22,1937-07-20
Cancer,1937-07-21,1937-08-10
Leo,1937-08-11,1937-09-16
Virgo,1937-09-17,1937-10-30
Libra,1937-10-31,1937-11-22
Scorpius,1937-11-23,1937-11-29
Ophiucus,1937-11-30,1937-12-17
Sagittarius,1937-12-18,1937-01-19
Capricornus,1937-01-20,1937-02-15
Aquarius,1938-02-16,1938-03-12
Pisces,1938-03-13,1938-04-18
Aries,1938-04-19,1938-05-14
Taurus,1938-05-15,1938-06-21
Gemini,1938-06-22,1938-07-20
Cancer,1938-07-21,1938-08-10
Leo,1938-08-11,1938-09-16
Virgo,1938-09-17,1938-10-31
Libra,1938-11-01,1938-11-23
Scorpius,1938-11-24,1938-11-29
Ophiucus,1938-11-30,1938-12-17
Sagittarius,1938-12-18,1938-01-19
Capricornus,1938-01-20,1938-02-15
Aquarius,1939-02-17,1939-03-12
Pisces,1939-03-13,1939-04-18
Aries,1939-04-19,1939-05-14
Taurus,1939-05-15,1939-06-21
Gemini,1939-06-22,1939-07-20
Cancer,1939-07-21,1939-08-10
Leo,1939-08-11,1939-09-16
Virgo,1939-09-17,1939-10-31
Libra,1939-11-01,1939-11-23
Scorpius,1939-11-24,1939-11-29
Ophiucus,1939-11-30,1939-12-18
Sagittarius,1939-12-19,1939-01-19
Capricornus,1939-01-20,1939-02-16
Aquarius,1940-02-17,1940-03-11
Pisces,1940-03-12,1940-04-18
Aries,1940-04-19,1940-05-13
Taurus,1940-05-14,1940-06-20
Gemini,1940-06-21,1940-07-20
Cancer,1940-07-21,1940-08-10
Leo,1940-08-11,1940-09-16
Virgo,1940-09-17,1940-10-30
Libra,1940-10-31,1940-11-22
Scorpius,1940-11-23,1940-11-29
Ophiucus,1940-11-30,1940-12-17
Sagittarius,1940-12-18,1940-01-20
Capricornus,1940-01-21,1940-02-16
Aquarius,1941-02-16,1941-03-11
Pisces,1941-03-12,1941-04-18
Aries,1941-04-19,1941-05-13
Taurus,1941-05-14,1941-06-21
Gemini,1941-06-22,1941-07-20
Cancer,1941-07-21,1941-08-10
Leo,1941-08-11,1941-09-16
Virgo,1941-09-17,1941-10-30
Libra,1941-10-31,1941-11-22
Scorpius,1941-11-23,1941-11-29
Ophiucus,1941-11-30,1941-12-17
Sagittarius,1941-12-18,1941-01-19
Capricornus,1941-01-20,1941-02-15
Aquarius,1942-02-16,1942-03-12
Pisces,1942-03-13,1942-04-18
Aries,1942-04-19,1942-05-14
Taurus,1942-05-15,1942-06-21
Gemini,1942-06-22,1942-07-20
Cancer,1942-07-21,1942-08-10
Leo,1942-08-11,1942-09-16
Virgo,1942-09-17,1942-10-31
Libra,1942-11-01,1942-11-23
Scorpius,1942-11-24,1942-11-29
Ophiucus,1942-11-30,1942-12-18
Sagittarius,1942-12-19,1942-01-19
Capricornus,1942-01-20,1942-02-15
Aquarius,1943-02-17,1943-03-12
Pisces,1943-03-13,1943-04-18
Aries,1943-04-19,1943-05-14
Taurus,1943-05-15,1943-06-21
Gemini,1943-06-22,1943-07-20
Cancer,1943-07-21,1943-08-10
Leo,1943-08-11,1943-09-16
Virgo,1943-09-17,1943-10-31
Libra,1943-11-01,1943-11-23
Scorpius,1943-11-24,1943-11-29
Ophiucus,1943-11-30,1943-12-18
Sagittarius,1943-12-19,1943-01-19
Capricornus,1943-01-20,1943-02-16
Aquarius,1944-02-17,1944-03-11
Pisces,1944-03-12,1944-04-18
Aries,1944-04-19,1944-05-13
Taurus,1944-05-14,1944-06-20
Gemini,1944-06-21,1944-07-20
Cancer,1944-07-21,1944-08-10
Leo,1944-08-11,1944-09-16
Virgo,1944-09-17,1944-10-30
Libra,1944-10-31,1944-11-22
Scorpius,1944-11-23,1944-11-29
Ophiucus,1944-11-30,1944-12-17
Sagittarius,1944-12-18,1944-01-20
Capricornus,1944-01-21,1944-02-16
Aquarius,1945-02-16,1945-03-11
Pisces,1945-03-12,1945-04-18
Aries,1945-04-19,1945-05-13
Taurus,1945-05-14,1945-06-21
Gemini,1945-06-22,1945-07-20
Cancer,1945-07-21,1945-08-10
Leo,1945-08-11,1945-09-16
Virgo,1945-09-17,1945-10-30
Libra,1945-10-31,1945-11-22
Scorpius,1945-11-23,1945-11-29
Ophiucus,1945-11-30,1945-12-17
Sagittarius,1945-12-18,1945-01-19
Capricornus,1945-01-20,1945-02-15
Aquarius,1946-02-17,1946-03-12
Pisces,1946-03-13,1946-04-18
Aries,1946-04-19,1946-05-14
Taurus,1946-05-15,1946-06-21
Gemini,1946-06-22,1946-07-20
Cancer,1946-07-21,1946-08-10
Leo,1946-08-11,1946-09-16
Virgo,1946-09-17,1946-10-31
Libra,1946-11-01,1946-11-23
Scorpius,1946-11-24,1946-11-29
Ophiucus,1946-11-30,1946-12-18
Sagittarius,1946-12-19,1946-01-19
Capricornus,1946-01-20,1946-02-16
Aquarius,1947-02-17,1947-03-12
Pisces,1947-03-13,1947-04-18
Aries,1947-04-19,1947-05-14
Taurus,1947-05-15,1947-06-21
Gemini,1947-06-22,1947-07-20
Cancer,1947-07-21,1947-08-10
Leo,1947-08-11,1947-09-16
Virgo,1947-09-17,1947-10-31
Libra,1947-11-01,1947-11-23
Scorpius,1947-11-24,1947-11-29
Ophiucus,1947-11-30,1947-12-18
Sagittarius,1947-12-19,1947-01-19
Capricornus,1947-01-20,1947-02-16
Aquarius,1948-02-17,1948-03-11
Pisces,1948-03-12,1948-04-18
Aries,1948-04-19,1948-05-13
Taurus,1948-05-14,1948-06-20
Gemini,1948-06-21,1948-07-20
Cancer,1948-07-21,1948-08-10
Leo,1948-08-11,1948-09-16
Virgo,1948-09-17,1948-10-30
Libra,1948-10-31,1948-11-22
Scorpius,1948-11-23,1948-11-29
Ophiucus,1948-11-30,1948-12-17
Sagittarius,1948-12-18,1948-01-20
Capricornus,1948-01-21,1948-02-16
Aquarius,1949-02-16,1949-03-11
Pisces,1949-03-12,1949-04-18
Aries,1949-04-19,1949-05-13
Taurus,1949-05-14,1949-06-21
Gemini,1949-06-22,1949-07-20
Cancer,1949-07-21,1949-08-10
Leo,1949-08-11,1949-09-16
Virgo,1949-09-17,1949-10-30
Libra,1949-10-31,1949-11-22
Scorpius,1949-11-23,1949-11-29
Ophiucus,1949-11-30,1949-12-17
Sagittarius,1949-12-18,1949-01-19
Capricornus,1949-01-20,1949-02-15
Aquarius,1950-02-17,1950-03-12
Pisces,1950-03-13,1950-04-18
Aries,1950-04-19,1950-05-14
Taurus,1950-05-15,1950-06-21
Gemini,1950-06-22,1950-07-20
Cancer,1950-07-21,1950-08-10
Leo,1950-08-11,1950-09-16
Virgo,1950-09-17,1950-10-31
Libra,1950-11-01,1950-11-23
Scorpius,1950-11-24,1950-11-29
Ophiucus,1950-11-30,1950-12-18
Sagittarius,1950-12-19,1950-01-19
Capricornus,1950-01-20,1950-02-16
Aquarius,1951-02-17,1951-03-12
Pisces,1951-03-13,1951-04-18
Aries,1951-04-19,1951-05-14
Taurus,1951-05-15,1951-06-21
Gemini,1951-06-22,1951-07-20
Cancer,1951-07-21,1951-08-10
Leo,1951-08-11,1951-09-16
Virgo,1951-09-17,1951-10-31
Libra,1951-11-01,1951-11-23
Scorpius,1951-11-24,1951-11-30
Ophiucus,1951-12-01,1951-12-18
Sagittarius,1951-12-19,1951-01-19
Capricornus,1951-01-20,1951-02-16
Aquarius,1952-02-17,1952-03-11
Pisces,1952-03-12,1952-04-18
Aries,1952-04-19,1952-05-13
Taurus,1952-05-14,1952-06-20
Gemini,1952-06-21,1952-07-20
Cancer,1952-07-21,1952-08-10
Leo,1952-08-11,1952-09-16
Virgo,1952-09-17,1952-10-30
Libra,1952-10-31,1952-11-22
Scorpius,1952-11-23,1952-11-29
Ophiucus,1952-11-30,1952-12-17
Sagittarius,1952-12-18,1952-01-20
Capricornus,1952-01-21,1952-02-16
Aquarius,1953-02-16,1953-03-11
Pisces,1953-03-12,1953-04-18
Aries,1953-04-19,1953-05-13
Taurus,1953-05-14,1953-06-21
Gemini,1953-06-22,1953-07-20
Cancer,1953-07-21,1953-08-10
Leo,1953-08-11,1953-09-16
Virgo,1953-09-17,1953-10-30
Libra,1953-10-31,1953-11-22
Scorpius,1953-11-23,1953-11-29
Ophiucus,1953-11-30,1953-12-17
Sagittarius,1953-12-18,1953-01-19
Capricornus,1953-01-20,1953-02-15
Aquarius,1954-02-17,1954-03-12
Pisces,1954-03-13,1954-04-18
Aries,1954-04-19,1954-05-14
Taurus,1954-05-15,1954-06-21
Gemini,1954-06-22,1954-07-20
Cancer,1954-07-21,1954-08-10
Leo,1954-08-11,1954-09-16
Virgo,1954-09-17,1954-10-31
Libra,1954-11-01,1954-11-23
Scorpius,1954-11-24,1954-11-29
Ophiucus,1954-11-30,1954-12-18
Sagittarius,1954-12-19,1954-01-19
Capricornus,1954-01-20,1954-02-16
Aquarius,1955-02-17,1955-03-12
Pisces,1955-03-13,1955-04-18
Aries,1955-04-19,1955-05-14
Taurus,1955-05-15,1955-06-21
Gemini,1955-06-22,1955-07-20
Cancer,1955-07-21,1955-08-10
Leo,1955-08-11,1955-09-16
Virgo,1955-09-17,1955-10-31
Libra,1955-11-01,1955-11-23
Scorpius,1955-11-24,1955-11-30
Ophiucus,1955-12-01,1955-12-18
Sagittarius,1955-12-19,1955-01-19
Capricornus,1955-01-20,1955-02-16
Aquarius,1956-02-17,1956-03-11
Pisces,1956-03-12,1956-04-18
Aries,1956-04-19,1956-05-13
Taurus,1956-05-14,1956-06-20
Gemini,1956-06-21,1956-07-20
Cancer,1956-07-21,1956-08-10
Leo,1956-08-11,1956-09-16
Virgo,1956-09-17,1956-10-30
Libra,1956-10-31,1956-11-22
Scorpius,1956-11-23,1956-11-29
Ophiucus,1956-11-30,1956-12-17
Sagittarius,1956-12-18,1956-01-20
Capricornus,1956-01-21,1956-02-16
Aquarius,1957-02-16,1957-03-11
Pisces,1957-03-12,1957-04-18
Aries,1957-04-19,1957-05-13
Taurus,1957-05-14,1957-06-21
Gemini,1957-06-22,1957-07-20
Cancer,1957-07-21,1957-08-10
Leo,1957-08-11,1957-09-16
Virgo,1957-09-17,1957-10-30
Libra,1957-10-31,1957-11-23
Scorpius,1957-11-24,1957-11-29
Ophiucus,1957-11-30,1957-12-17
Sagittarius,1957-12-18,1957-01-19
Capricornus,1957-01-20,1957-02-15
Aquarius,1958-02-17,1958-03-12
Pisces,1958-03-13,1958-04-18
Aries,1958-04-19,1958-05-14
Taurus,1958-05-15,1958-06-21
Gemini,1958-06-22,1958-07-20
Cancer,1958-07-21,1958-08-10
Leo,1958-08-11,1958-09-16
Virgo,1958-09-17,1958-10-31
Libra,1958-11-01,1958-11-23
Scorpius,1958-11-24,1958-11-29
Ophiucus,1958-11-30,1958-12-18
Sagittarius,1958-12-19,1958-01-19
Capricornus,1958-01-20,1958-02-16
Aquarius,1959-02-17,1959-03-12
Pisces,1959-03-13,1959-04-18
Aries,1959-04-19,1959-05-14
Taurus,1959-05-15,1959-06-21
Gemini,1959-06-22,1959-07-20
Cancer,1959-07-21,1959-08-10
Leo,1959-08-11,1959-09-16
Virgo,1959-09-17,1959-10-31
Libra,1959-11-01,1959-11-23
Scorpius,1959-11-24,1959-11-30
Ophiucus,1959-12-01,1959-12-18
Sagittarius,1959-12-19,1959-01-19
Capricornus,1959-01-20,1959-02-16
Aquarius,1960-02-17,1960-03-11
Pisces,1960-03-12,1960-04-18
Aries,1960-04-19,1960-05-13
Taurus,1960-05-14,1960-06-20
Gemini,1960-06-21,1960-07-20
Cancer,1960-07-21,1960-08-10
Leo,1960-08-11,1960-09-16
Virgo,1960-09-17,1960-10-30
Libra,1960-10-31,1960-11-22
Scorpius,1960-11-23,1960-11-29
Ophiucus,1960-11-30,1960-12-17
Sagittarius,1960-12-18,1960-01-20
Capricornus,1960-01-21,1960-02-16
Aquarius,1961-02-16,1961-03-11
Pisces,1961-03-12,1961-04-18
Aries,1961-04-19,1961-05-13
Taurus,1961-05-14,1961-06-21
Gemini,1961-06-22,1961-07-20
Cancer,1961-07-21,1961-08-10
Leo,1961-08-11,1961-09-16
Virgo,1961-09-17,1961-10-30
Libra,1961-10-31,1961-11-23
Scorpius,1961-11-24,1961-11-29
Ophiucus,1961-11-30,1961-12-17
Sagittarius,1961-12-18,1961-01-19
Capricornus,1961-01-20,1961-02-15
Aquarius,1962-02-17,1962-03-12
Pisces,1962-03-13,1962-04-18
Aries,1962-04-19,1962-05-14
Taurus,1962-05-15,1962-06-21
Gemini,1962-06-22,1962-07-20
Cancer,1962-07-21,1962-08-10
Leo,1962-08-11,1962-09-16
Virgo,1962-09-17,1962-10-31
Libra,1962-11-01,1962-11-23
Scorpius,1962-11-24,1962-11-29
Ophiucus,1962-11-30,1962-12-18
Sagittarius,1962-12-19,1962-01-19
Capricornus,1962-01-20,1962-02-16
Aquarius,1963-02-17,1963-03-12
Pisces,1963-03-13,1963-04-18
Aries,1963-04-19,1963-05-14
Taurus,1963-05-15,1963-06-21
Gemini,1963-06-22,1963-07-20
Cancer,1963-07-21,1963-08-10
Leo,1963-08-11,1963-09-16
Virgo,1963-09-17,1963-10-31
Libra,1963-11-01,1963-11-23
Scorpius,1963-11-24,1963-11-30
Ophiucus,1963-12-01,1963-12-18
Sagittarius,1963-12-19,1963-01-19
Capricornus,1963-01-20,1963-02-16
Aquarius,1964-02-17,1964-03-11
Pisces,1964-03-12,1964-04-18
Aries,1964-04-19,1964-05-13
Taurus,1964-05-14,1964-06-20
Gemini,1964-06-21,1964-07-20
Cancer,1964-07-21,1964-08-10
Leo,1964-08-11,1964-09-16
Virgo,1964-09-17,1964-10-30
Libra,1964-10-31,1964-11-22
Scorpius,1964-11-23,1964-11-29
Ophiucus,1964-11-30,1964-12-17
Sagittarius,1964-12-18,1964-01-20
Capricornus,1964-01-21,1964-02-16
Aquarius,1965-02-16,1965-03-11
Pisces,1965-03-12,1965-04-18
Aries,1965-04-19,1965-05-13
Taurus,1965-05-14,1965-06-21
Gemini,1965-06-22,1965-07-20
Cancer,1965-07-21,1965-08-10
Leo,1965-08-11,1965-09-16
Virgo,1965-09-17,1965-10-30
Libra,1965-10-31,1965-11-23
Scorpius,1965-11-24,1965-11-29
Ophiucus,1965-11-30,1965-12-17
Sagittarius,1965-12-18,1965-01-19
Capricornus,1965-01-20,1965-02-15
Aquarius,1966-02-17,1966-03-12
Pisces,1966-03-13,1966-04-18
Aries,1966-04-19,1966-05-14
Taurus,1966-05-15,1966-06-21
Gemini,1966-06-22,1966-07-20
Cancer,1966-07-21,1966-08-10
Leo,1966-08-11,1966-09-16
Virgo,1966-09-17,1966-10-31
Libra,1966-11-01,1966-11-23
Scorpius,1966-11-24,1966-11-29
Ophiucus,1966-11-30,1966-12-18
Sagittarius,1966-12-19,1966-01-19
Capricornus,1966-01-20,1966-02-16
Aquarius,1967-02-17,1967-03-12
Pisces,1967-03-13,1967-04-18
Aries,1967-04-19,1967-05-14
Taurus,1967-05-15,1967-06-21
Gemini,1967-06-22,1967-07-20
Cancer,1967-07-21,1967-08-10
Leo,1967-08-11,1967-09-16
Virgo,1967-09-17,1967-10-31
Libra,1967-11-01,1967-11-23
Scorpius,1967-11-24,1967-11-30
Ophiucus,1967-12-01,1967-12-18
Sagittarius,1967-12-19,1967-01-19
Capricornus,1967-01-20,1967-02-16
Aquarius,1968-02-17,1968-03-11
Pisces,1968-03-12,1968-04-18
Aries,1968-04-19,1968-05-13
Taurus,1968-05-14,1968-06-21
Gemini,1968-06-22,1968-07-20
Cancer,1968-07-21,1968-08-10
Leo,1968-08-11,1968-09-16
Virgo,1968-09-17,1968-10-30
Libra,1968-10-31,1968-11-22
Scorpius,1968-11-23,1968-11-29
Ophiucus,1968-11-30,1968-12-17
Sagittarius,1968-12-18,1968-01-20
Capricornus,1968-01-21,1968-02-16
Aquarius,1969-02-16,1969-03-11
Pisces,1969-03-12,1969-04-18
Aries,1969-04-19,1969-05-13
Taurus,1969-05-14,1969-06-21
Gemini,1969-06-22,1969-07-20
Cancer,1969-07-21,1969-08-10
Leo,1969-08-11,1969-09-16
Virgo,1969-09-17,1969-10-30
Libra,1969-10-31,1969-11-23
Scorpius,1969-11-24,1969-11-29
Ophiucus,1969-11-30,1969-12-17
Sagittarius,1969-12-18,1969-01-19
Capricornus,1969-01-20,1969-02-15
Aquarius,1970-02-17,1970-03-12
Pisces,1970-03-13,1970-04-18
Aries,1970-04-19,1970-05-14
Taurus,1970-05-15,1970-06-21
Gemini,1970-06-22,1970-07-20
Cancer,1970-07-21,1970-08-10
Leo,1970-08-11,1970-09-16
Virgo,1970-09-17,1970-10-31
Libra,1970-11-01,1970-11-23
Scorpius,1970-11-24,1970-11-29
Ophiucus,1970-11-30,1970-12-18
Sagittarius,1970-12-19,1970-01-19
Capricornus,1970-01-20,1970-02-16
Aquarius,1971-02-17,1971-03-12
Pisces,1971-03-13,1971-04-18
Aries,1971-04-19,1971-05-14
Taurus,1971-05-15,1971-06-21
Gemini,1971-06-22,1971-07-20
Cancer,1971-07-21,1971-08-10
Leo,1971-08-11,1971-09-17
Virgo,1971-09-18,1971-10-31
Libra,1971-11-01,1971-11-23
Scorpius,1971-11-24,1971-11-30
Ophiucus,1971-12-01,1971-12-18
Sagittarius,1971-12-19,1971-01-19
Capricornus,1971-01-20,1971-02-16
Aquarius,1972-02-17,1972-03-11
Pisces,1972-03-12,1972-04-18
Aries,1972-04-19,1972-05-13
Taurus,1972-05-14,1972-06-21
Gemini,1972-06-22,1972-07-20
Cancer,1972-07-21,1972-08-10
Leo,1972-08-11,1972-09-16
Virgo,1972-09-17,1972-10-30
Libra,1972-10-31,1972-11-22
Scorpius,1972-11-23,1972-11-29
Ophiucus,1972-11-30,1972-12-17
Sagittarius,1972-12-18,1972-01-20
Capricornus,1972-01-21,1972-02-16
Aquarius,1973-02-16,1973-03-11
Pisces,1973-03-12,1973-04-18
Aries,1973-04-19,1973-05-13
Taurus,1973-05-14,1973-06-21
Gemini,1973-06-22,1973-07-20
Cancer,1973-07-21,1973-08-10
Leo,1973-08-11,1973-09-16
Virgo,1973-09-17,1973-10-31
Libra,1973-11-01,1973-11-23
Scorpius,1973-11-24,1973-11-29
Ophiucus,1973-11-30,1973-12-17
Sagittarius,1973-12-18,1973-01-19
Capricornus,1973-01-20,1973-02-15
Aquarius,1974-02-17,1974-03-12
Pisces,1974-03-13,1974-04-18
Aries,1974-04-19,1974-05-14
Taurus,1974-05-15,1974-06-21
Gemini,1974-06-22,1974-07-20
Cancer,1974-07-21,1974-08-10
Leo,1974-08-11,1974-09-16
Virgo,1974-09-17,1974-10-31
Libra,1974-11-01,1974-11-23
Scorpius,1974-11-24,1974-11-29
Ophiucus,1974-11-30,1974-12-18
Sagittarius,1974-12-19,1974-01-19
Capricornus,1974-01-20,1974-02-16
Aquarius,1975-02-17,1975-03-12
Pisces,1975-03-13,1975-04-19
Aries,1975-04-20,1975-05-14
Taurus,1975-05-15,1975-06-21
Gemini,1975-06-22,1975-07-21
Cancer,1975-07-22,1975-08-10
Leo,1975-08-11,1975-09-17
Virgo,1975-09-18,1975-10-31
Libra,1975-11-01,1975-11-23
Scorpius,1975-11-24,1975-11-30
Ophiucus,1975-12-01,1975-12-18
Sagittarius,1975-12-19,1975-01-20
Capricornus,1975-01-21,1975-02-16
Aquarius,1976-02-17,1976-03-11
Pisces,1976-03-12,1976-04-18
Aries,1976-04-19,1976-05-13
Taurus,1976-05-14,1976-06-21
Gemini,1976-06-22,1976-07-20
Cancer,1976-07-21,1976-08-10
Leo,1976-08-11,1976-09-16
Virgo,1976-09-17,1976-10-30
Libra,1976-10-31,1976-11-22
Scorpius,1976-11-23,1976-11-29
Ophiucus,1976-11-30,1976-12-17
Sagittarius,1976-12-18,1976-01-20
Capricornus,1976-01-21,1976-02-16
Aquarius,1977-02-16,1977-03-12
Pisces,1977-03-13,1977-04-18
Aries,1977-04-19,1977-05-14
Taurus,1977-05-15,1977-06-21
Gemini,1977-06-22,1977-07-20
Cancer,1977-07-21,1977-08-10
Leo,1977-08-11,1977-09-16
Virgo,1977-09-17,1977-10-31
Libra,1977-11-01,1977-11-23
Scorpius,1977-11-24,1977-11-29
Ophiucus,1977-11-30,1977-12-17
Sagittarius,1977-12-18,1977-01-19
Capricornus,1977-01-20,1977-02-15
Aquarius,1978-02-17,1978-03-12
Pisces,1978-03-13,1978-04-18
Aries,1978-04-19,1978-05-14
Taurus,1978-05-15,1978-06-21
Gemini,1978-06-22,1978-07-20
Cancer,1978-07-21,1978-08-10
Leo,1978-08-11,1978-09-16
Virgo,1978-09-17,1978-10-31
Libra,1978-11-01,1978-11-23
Scorpius,1978-11-24,1978-11-29
Ophiucus,1978-11-30,1978-12-18
Sagittarius,1978-12-19,1978-01-19
Capricornus,1978-01-20,1978-02-16
Aquarius,1979-02-17,1979-03-12
Pisces,1979-03-13,1979-04-19
Aries,1979-04-20,1979-05-14
Taurus,1979-05-15,1979-06-21
Gemini,1979-06-22,1979-07-21
Cancer,1979-07-22,1979-08-11
Leo,1979-08-12,1979-09-17
Virgo,1979-09-18,1979-10-31
Libra,1979-11-01,1979-11-23
Scorpius,1979-11-24,1979-11-30
Ophiucus,1979-12-01,1979-12-18
Sagittarius,1979-12-19,1979-01-20
Capricornus,1979-01-21,1979-02-16
Aquarius,1980-02-17,1980-03-11
Pisces,1980-03-12,1980-04-18
Aries,1980-04-19,1980-05-13
Taurus,1980-05-14,1980-06-21
Gemini,1980-06-22,1980-07-20
Cancer,1980-07-21,1980-08-10
Leo,1980-08-11,1980-09-16
Virgo,1980-09-17,1980-10-30
Libra,1980-10-31,1980-11-22
Scorpius,1980-11-23,1980-11-29
Ophiucus,1980-11-30,1980-12-17
Sagittarius,1980-12-18,1980-01-20
Capricornus,1980-01-21,1980-02-16
Aquarius,1981-02-16,1981-03-12
Pisces,1981-03-13,1981-04-18
Aries,1981-04-19,1981-05-14
Taurus,1981-05-15,1981-06-21
Gemini,1981-06-22,1981-07-20
Cancer,1981-07-21,1981-08-10
Leo,1981-08-11,1981-09-16
Virgo,1981-09-17,1981-10-31
Libra,1981-11-01,1981-11-23
Scorpius,1981-11-24,1981-11-29
Ophiucus,1981-11-30,1981-12-18
Sagittarius,1981-12-19,1981-01-19
Capricornus,1981-01-20,1981-02-15
Aquarius,1982-02-17,1982-03-12
Pisces,1982-03-13,1982-04-18
Aries,1982-04-19,1982-05-14
Taurus,1982-05-15,1982-06-21
Gemini,1982-06-22,1982-07-20
Cancer,1982-07-21,1982-08-10
Leo,1982-08-11,1982-09-16
Virgo,1982-09-17,1982-10-31
Libra,1982-11-01,1982-11-23
Scorpius,1982-11-24,1982-11-29
Ophiucus,1982-11-30,1982-12-18
Sagittarius,1982-12-19,1982-01-19
Capricornus,1982-01-20,1982-02-16
Aquarius,1983-02-17,1983-03-12
Pisces,1983-03-13,1983-04-19
Aries,1983-04-20,1983-05-14
Taurus,1983-05-15,1983-06-21
Gemini,1983-06-22,1983-07-21
Cancer,1983-07-22,1983-08-11
Leo,1983-08-12,1983-09-17
Virgo,1983-09-18,1983-10-31
Libra,1983-11-01,1983-11-23
Scorpius,1983-11-24,1983-11-30
Ophiucus,1983-12-01,1983-12-18
Sagittarius,1983-12-19,1983-01-20
Capricornus,1983-01-21,1983-02-16
Aquarius,1984-02-17,1984-03-11
Pisces,1984-03-12,1984-04-18
Aries,1984-04-19,1984-05-13
Taurus,1984-05-14,1984-06-21
Gemini,1984-06-22,1984-07-20
Cancer,1984-07-21,1984-08-10
Leo,1984-08-11,1984-09-16
Virgo,1984-09-17,1984-10-30
Libra,1984-10-31,1984-11-22
Scorpius,1984-11-23,1984-11-29
Ophiucus,1984-11-30,1984-12-17
Sagittarius,1984-12-18,1984-01-20
Capricornus,1984-01-21,1984-02-16
Aquarius,1985-02-17,1985-03-12
Pisces,1985-03-13,1985-04-18
Aries,1985-04-19,1985-05-14
Taurus,1985-05-15,1985-06-21
Gemini,1985-06-22,1985-07-20
Cancer,1985-07-21,1985-08-10
Leo,1985-08-11,1985-09-16
Virgo,1985-09-17,1985-10-31
Libra,1985-11-01,1985-11-23
Scorpius,1985-11-24,1985-11-29
Ophiucus,1985-11-30,1985-12-18
Sagittarius,1985-12-19,1985-01-19
Capricornus,1985-01-20,1985-02-16
Aquarius,1986-02-17,1986-03-12
Pisces,1986-03-13,1986-04-18
Aries,1986-04-19,1986-05-14
Taurus,1986-05-15,1986-06-21
Gemini,1986-06-22,1986-07-20
Cancer,1986-07-21,1986-08-10
Leo,1986-08-11,1986-09-16
Virgo,1986-09-17,1986-10-31
Libra,1986-11-01,1986-11-23
Scorpius,1986-11-24,1986-11-29
Ophiucus,1986-11-30,1986-12-18
Sagittarius,1986-12-19,1986-01-19
Capricornus,1986-01-20,1986-02-16
Aquarius,1987-02-17,1987-03-12
Pisces,1987-03-13,1987-04-19
Aries,1987-04-20,1987-05-14
Taurus,1987-05-15,1987-06-21
Gemini,1987-06-22,1987-07-21
Cancer,1987-07-22,1987-08-11
Leo,1987-08-12,1987-09-17
Virgo,1987-09-18,1987-10-31
Libra,1987-11-01,1987-11-23
Scorpius,1987-11-24,1987-11-30
Ophiucus,1987-12-01,1987-12-18
Sagittarius,1987-12-19,1987-01-20
Capricornus,1987-01-21,1987-02-16
Aquarius,1988-02-17,1988-03-11
Pisces,1988-03-12,1988-04-18
Aries,1988-04-19,1988-05-13
Taurus,1988-05-14,1988-06-21
Gemini,1988-06-22,1988-07-20
Cancer,1988-07-21,1988-08-10
Leo,1988-08-11,1988-09-16
Virgo,1988-09-17,1988-10-30
Libra,1988-10-31,1988-11-22
Scorpius,1988-11-23,1988-11-29
Ophiucus,1988-11-30,1988-12-17
Sagittarius,1988-12-18,1988-01-20
Capricornus,1988-01-21,1988-02-16
Aquarius,1989-02-17,1989-03-12
Pisces,1989-03-13,1989-04-18
Aries,1989-04-19,1989-05-14
Taurus,1989-05-15,1989-06-21
Gemini,1989-06-22,1989-07-20
Cancer,1989-07-21,1989-08-10
Leo,1989-08-11,1989-09-16
Virgo,1989-09-17,1989-10-31
Libra,1989-11-01,1989-11-23
Scorpius,1989-11-24,1989-11-29
Ophiucus,1989-11-30,1989-12-18
Sagittarius,1989-12-19,1989-01-19
Capricornus,1989-01-20,1989-02-16
Aquarius,1990-02-17,1990-03-12
Pisces,1990-03-13,1990-04-18
Aries,1990-04-19,1990-05-14
Taurus,1990-05-15,1990-06-21
Gemini,1990-06-22,1990-07-20
Cancer,1990-07-21,1990-08-10
Leo,1990-08-11,1990-09-16
Virgo,1990-09-17,1990-10-31
Libra,1990-11-01,1990-11-23
Scorpius,1990-11-24,1990-11-30
Ophiucus,1990-12-01,1990-12-18
Sagittarius,1990-12-19,1990-01-19
Capricornus,1990-01-20,1990-02-16
Aquarius,1991-02-17,1991-03-12
Pisces,1991-03-13,1991-04-19
Aries,1991-04-20,1991-05-14
Taurus,1991-05-15,1991-06-21
Gemini,1991-06-22,1991-07-21
Cancer,1991-07-22,1991-08-11
Leo,1991-08-12,1991-09-17
Virgo,1991-09-18,1991-10-31
Libra,1991-11-01,1991-11-23
Scorpius,1991-11-24,1991-11-30
Ophiucus,1991-12-01,1991-12-18
Sagittarius,1991-12-19,1991-01-20
Capricornus,1991-01-21,1991-02-16
Aquarius,1992-02-17,1992-03-11
Pisces,1992-03-12,1992-04-18
Aries,1992-04-19,1992-05-13
Taurus,1992-05-14,1992-06-21
Gemini,1992-06-22,1992-07-20
Cancer,1992-07-21,1992-08-10
Leo,1992-08-11,1992-09-16
Virgo,1992-09-17,1992-10-30
Libra,1992-10-31,1992-11-22
Scorpius,1992-11-23,1992-11-29
Ophiucus,1992-11-30,1992-12-17
Sagittarius,1992-12-18,1992-01-20
Capricornus,1992-01-21,1992-02-16
Aquarius,1993-02-17,1993-03-12
Pisces,1993-03-13,1993-04-18
Aries,1993-04-19,1993-05-14
Taurus,1993-05-15,1993-06-21
Gemini,1993-06-22,1993-07-20
Cancer,1993-07-21,1993-08-10
Leo,1993-08-11,1993-09-16
Virgo,1993-09-17,1993-10-31
Libra,1993-11-01,1993-11-23
Scorpius,1993-11-24,1993-11-29
Ophiucus,1993-11-30,1993-12-18
Sagittarius,1993-12-19,1993-01-19
Capricornus,1993-01-20,1993-02-16
Aquarius,1994-02-17,1994-03-12
Pisces,1994-03-13,1994-04-18
Aries,1994-04-19,1994-05-14
Taurus,1994-05-15,1994-06-21
Gemini,1994-06-22,1994-07-20
Cancer,1994-07-21,1994-08-10
Leo,1994-08-11,1994-09-16
Virgo,1994-09-17,1994-10-31
Libra,1994-11-01,1994-11-23
Scorpius,1994-11-24,1994-11-30
Ophiucus,1994-12-01,1994-12-18
Sagittarius,1994-12-19,1994-01-19
Capricornus,1994-01-20,1994-02-16
Aquarius,1995-02-17,1995-03-12
Pisces,1995-03-13,1995-04-19
Aries,1995-04-20,1995-05-14
Taurus,1995-05-15,1995-06-21
Gemini,1995-06-22,1995-07-21
Cancer,1995-07-22,1995-08-11
Leo,1995-08-12,1995-09-17
Virgo,1995-09-18,1995-10-31
Libra,1995-11-01,1995-11-23
Scorpius,1995-11-24,1995-11-30
Ophiucus,1995-12-01,1995-12-18
Sagittarius,1995-12-19,1995-01-20
Capricornus,1995-01-21,1995-02-16
Aquarius,1996-02-17,1996-03-11
Pisces,1996-03-12,1996-04-18
Aries,1996-04-19,1996-05-13
Taurus,1996-05-14,1996-06-21
Gemini,1996-06-22,1996-07-20
Cancer,1996-07-21,1996-08-10
Leo,1996-08-11,1996-09-16
Virgo,1996-09-17,1996-10-30
Libra,1996-10-31,1996-11-23
Scorpius,1996-11-24,1996-11-29
Ophiucus,1996-11-30,1996-12-17
Sagittarius,1996-12-18,1996-01-20
Capricornus,1996-01-21,1996-02-16
Aquarius,1997-02-17,1997-03-12
Pisces,1997-03-13,1997-04-18
Aries,1997-04-19,1997-05-14
Taurus,1997-05-15,1997-06-21
Gemini,1997-06-22,1997-07-20
Cancer,1997-07-21,1997-08-10
Leo,1997-08-11,1997-09-16
Virgo,1997-09-17,1997-10-31
Libra,1997-11-01,1997-11-23
Scorpius,1997-11-24,1997-11-29
Ophiucus,1997-11-30,1997-12-18
Sagittarius,1997-12-19,1997-01-19
Capricornus,1997-01-20,1997-02-16
Aquarius,1998-02-17,1998-03-12
Pisces,1998-03-13,1998-04-18
Aries,1998-04-19,1998-05-14
Taurus,1998-05-15,1998-06-21
Gemini,1998-06-22,1998-07-20
Cancer,1998-07-21,1998-08-10
Leo,1998-08-11,1998-09-16
Virgo,1998-09-17,1998-10-31
Libra,1998-11-01,1998-11-23
Scorpius,1998-11-24,1998-11-30
Ophiucus,1998-12-01,1998-12-18
Sagittarius,1998-12-19,1998-01-19
Capricornus,1998-01-20,1998-02-16
Aquarius,1999-02-17,1999-03-12
Pisces,1999-03-13,1999-04-19
Aries,1999-04-20,1999-05-14
Taurus,1999-05-15,1999-06-21
Gemini,1999-06-22,1999-07-21
Cancer,1999-07-22,1999-08-11
Leo,1999-08-12,1999-09-17
Virgo,1999-09-18,1999-10-31
Libra,1999-11-01,1999-11-23
Scorpius,1999-11-24,1999-11-30
Ophiucus,1999-12-01,1999-12-18
Sagittarius,1999-12-19,1999-01-20
Capricornus,1999-01-21,1999-02-16
Aquarius,2000-02-17,2000-03-11
Pisces,2000-03-12,2000-04-18
Aries,2000-04-19,2000-05-13
Taurus,2000-05-14,2000-06-21
Gemini,2000-06-22,2000-07-20
Cancer,2000-07-21,2000-08-10
Leo,2000-08-11,2000-09-16
Virgo,2000-09-17,2000-10-30
Libra,2000-10-31,2000-11-23
Scorpius,2000-11-24,2000-11-29
Ophiucus,2000-11-30,2000-12-17
Sagittarius,2000-12-18,2000-01-20
Capricornus,2000-01-21,2000-02-16
Aquarius,2001-02-17,2001-03-12
Pisces,2001-03-13,2001-04-18
Aries,2001-04-19,2001-05-14
Taurus,2001-05-15,2001-06-21
Gemini,2001-06-22,2001-07-20
Cancer,2001-07-21,2001-08-10
Leo,2001-08-11,2001-09-16
Virgo,2001-09-17,2001-10-31
Libra,2001-11-01,2001-11-23
Scorpius,2001-11-24,2001-11-29
Ophiucus,2001-11-30,2001-12-18
Sagittarius,2001-12-19,2001-01-19
Capricornus,2001-01-20,2001-02-16
Aquarius,2002-02-17,2002-03-12
Pisces,2002-03-13,2002-04-18
Aries,2002-04-19,2002-05-14
Taurus,2002-05-15,2002-06-21
Gemini,2002-06-22,2002-07-20
Cancer,2002-07-21,2002-08-10
Leo,2002-08-11,2002-09-16
Virgo,2002-09-17,2002-10-31
Libra,2002-11-01,2002-11-23
Scorpius,2002-11-24,2002-11-30
Ophiucus,2002-12-01,2002-12-18
Sagittarius,2002-12-19,2002-01-19
Capricornus,2002-01-20,2002-02-16
Aquarius,2003-02-17,2003-03-12
Pisces,2003-03-13,2003-04-19
Aries,2003-04-20,2003-05-14
Taurus,2003-05-15,2003-06-21
Gemini,2003-06-22,2003-07-21
Cancer,2003-07-22,2003-08-11
Leo,2003-08-12,2003-09-17
Virgo,2003-09-18,2003-10-31
Libra,2003-11-01,2003-11-23
Scorpius,2003-11-24,2003-11-30
Ophiucus,2003-12-01,2003-12-18
Sagittarius,2003-12-19,2003-01-20
Capricornus,2003-01-21,2003-02-16
Aquarius,2004-02-17,2004-03-11
Pisces,2004-03-12,2004-04-18
Aries,2004-04-19,2004-05-13
Taurus,2004-05-14,2004-06-21
Gemini,2004-06-22,2004-07-20
Cancer,2004-07-21,2004-08-10
Leo,2004-08-11,2004-09-16
Virgo,2004-09-17,2004-10-30
Libra,2004-10-31,2004-11-23
Scorpius,2004-11-24,2004-11-29
Ophiucus,2004-11-30,2004-12-17
Sagittarius,2004-12-18,2004-01-20
Capricornus,2004-01-21,2004-02-16
Aquarius,2005-02-17,2005-03-12
Pisces,2005-03-13,2005-04-18
Aries,2005-04-19,2005-05-14
Taurus,2005-05-15,2005-06-21
Gemini,2005-06-22,2005-07-20
Cancer,2005-07-21,2005-08-10
Leo,2005-08-11,2005-09-16
Virgo,2005-09-17,2005-10-31
Libra,2005-11-01,2005-11-23
Scorpius,2005-11-24,2005-11-29
Ophiucus,2005-11-30,2005-12-18
Sagittarius,2005-12-19,2005-01-19
Capricornus,2005-01-20,2005-02-16
Aquarius,2006-02-17,2006-03-12
Pisces,2006-03-13,2006-04-18
Aries,2006-04-19,2006-05-14
Taurus,2006-05-15,2006-06-21
Gemini,2006-06-22,2006-07-20
Cancer,2006-07-21,2006-08-10
Leo,2006-08-11,2006-09-16
Virgo,2006-09-17,2006-10-31
Libra,2006-11-01,2006-11-23
Scorpius,2006-11-24,2006-11-30
Ophiucus,2006-12-01,2006-12-18
Sagittarius,2006-12-19,2006-01-19
Capricornus,2006-01-20,2006-02-16
Aquarius,2007-02-17,2007-03-12
Pisces,2007-03-13,2007-04-19
Aries,2007-04-20,2007-05-14
Taurus,2007-05-15,2007-06-22
Gemini,2007-06-23,2007-07-21
Cancer,2007-07-22,2007-08-11
Leo,2007-08-12,2007-09-17
Virgo,2007-09-18,2007-10-31
Libra,2007-11-01,2007-11-23
Scorpius,2007-11-24,2007-11-30
Ophiucus,2007-12-01,2007-12-18
Sagittarius,2007-12-19,2007-01-20
Capricornus,2007-01-21,2007-02-16
Aquarius,2008-02-17,2008-03-11
Pisces,2008-03-12,2008-04-18
Aries,2008-04-19,2008-05-13
Taurus,2008-05-14,2008-06-21
Gemini,2008-06-22,2008-07-20
Cancer,2008-07-21,2008-08-10
Leo,2008-08-11,2008-09-16
Virgo,2008-09-17,2008-10-30
Libra,2008-10-31,2008-11-23
Scorpius,2008-11-24,2008-11-29
Ophiucus,2008-11-30,2008-12-17
Sagittarius,2008-12-18,2008-01-20
Capricornus,2008-01-21,2008-02-16
Aquarius,2009-02-17,2009-03-12
Pisces,2009-03-13,2009-04-18
Aries,2009-04-19,2009-05-14
Taurus,2009-05-15,2009-06-21
Gemini,2009-06-22,2009-07-20
Cancer,2009-07-21,2009-08-10
Leo,2009-08-11,2009-09-16
Virgo,2009-09-17,2009-10-31
Libra,2009-11-01,2009-11-23
Scorpius,2009-11-24,2009-11-29
Ophiucus,2009-11-30,2009-12-18
Sagittarius,2009-12-19,2009-01-19
Capricornus,2009-01-20,2009-02-16
Aquarius,2010-02-17,2010-03-12
Pisces,2010-03-13,2010-04-18
Aries,2010-04-19,2010-05-14
Taurus,2010-05-15,2010-06-21
Gemini,2010-06-22,2010-07-20
Cancer,2010-07-21,2010-08-10
Leo,2010-08-11,2010-09-16
Virgo,2010-09-17,2010-10-31
Libra,2010-11-01,2010-11-23
Scorpius,2010-11-24,2010-11-30
Ophiucus,2010-12-01,2010-12-18
Sagittarius,2010-12-19,2010-01-19
Capricornus,2010-01-20,2010-02-16
Aquarius,2011-02-17,2011-03-12
Pisces,2011-03-13,2011-04-19
Aries,2011-04-20,2011-05-14
Taurus,2011-05-15,2011-06-22
Gemini,2011-06-23,2011-07-21
Cancer,2011-07-22,2011-08-11
Leo,2011-08-12,2011-09-17
Virgo,2011-09-18,2011-10-31
Libra,2011-11-01,2011-11-23
Scorpius,2011-11-24,2011-11-30
Ophiucus,2011-12-01,2011-12-18
Sagittarius,2011-12-19,2011-01-20
Capricornus,2011-01-21,2011-02-16
Aquarius,2012-02-17,2012-03-12
Pisces,2012-03-13,2012-04-18
Aries,2012-04-19,2012-05-13
Taurus,2012-05-14,2012-06-21
Gemini,2012-06-22,2012-07-20
Cancer,2012-07-21,2012-08-10
Leo,2012-08-11,2012-09-16
Virgo,2012-09-17,2012-10-31
Libra,2012-11-01,2012-11-23
Scorpius,2012-11-24,2012-11-29
Ophiucus,2012-11-30,2012-12-17
Sagittarius,2012-12-18,2012-01-20
Capricornus,2012-01-21,2012-02-16
Aquarius,2013-02-17,2013-03-12
Pisces,2013-03-13,2013-04-18
Aries,2013-04-19,2013-05-14
Taurus,2013-05-15,2013-06-21
Gemini,2013-06-22,2013-07-20
Cancer,2013-07-21,2013-08-10
Leo,2013-08-11,2013-09-16
Virgo,2013-09-17,2013-10-31
Libra,2013-11-01,2013-11-23
Scorpius,2013-11-24,2013-11-29
Ophiucus,2013-11-30,2013-12-18
Sagittarius,2013-12-19,2013-01-19
Capricornus,2013-01-20,2013-02-16
Aquarius,2014-02-17,2014-03-12
Pisces,2014-03-13,2014-04-19
Aries,2014-04-20,2014-05-14
Taurus,2014-05-15,2014-06-21
Gemini,2014-06-22,2014-07-21
Cancer,2014-07-22,2014-08-10
Leo,2014-08-11,2014-09-17
Virgo,2014-09-18,2014-10-31
Libra,2014-11-01,2014-11-23
Scorpius,2014-11-24,2014-11-30
Ophiucus,2014-12-01,2014-12-18
Sagittarius,2014-12-19,2014-01-20
Capricornus,2014-01-21,2014-02-16
Aquarius,2015-02-17,2015-03-12
Pisces,2015-03-13,2015-04-19
Aries,2015-04-20,2015-05-14
Taurus,2015-05-15,2015-06-22
Gemini,2015-06-23,2015-07-21
Cancer,2015-07-22,2015-08-11
Leo,2015-08-12,2015-09-17
Virgo,2015-09-18,2015-10-31
Libra,2015-11-01,2015-11-23
Scorpius,2015-11-24,2015-11-30
Ophiucus,2015-12-01,2015-12-18
Sagittarius,2015-12-19,2015-01-20
Capricornus,2015-01-21,2015-02-16
Aquarius,2016-02-17,2016-03-12
Pisces,2016-03-13,2016-04-18
Aries,2016-04-19,2016-05-14
Taurus,2016-05-15,2016-06-21
Gemini,2016-06-22,2016-07-20
Cancer,2016-07-21,2016-08-10
Leo,2016-08-11,2016-09-16
Virgo,2016-09-17,2016-10-31
Libra,2016-11-01,2016-11-23
Scorpius,2016-11-24,2016-11-29
Ophiucus,2016-11-30,2016-12-17
Sagittarius,2016-12-18,2016-01-20
Capricornus,2016-01-21,2016-02-16
Aquarius,2017-02-17,2017-03-12
Pisces,2017-03-13,2017-04-18
Aries,2017-04-19,2017-05-14
Taurus,2017-05-15,2017-06-21
Gemini,2017-06-22,2017-07-20
Cancer,2017-07-21,2017-08-10
Leo,2017-08-11,2017-09-16
Virgo,2017-09-17,2017-10-31
Libra,2017-11-01,2017-11-23
Scorpius,2017-11-24,2017-11-29
Ophiucus,2017-11-30,2017-12-18
Sagittarius,2017-12-19,2017-01-19
Capricornus,2017-01-20,2017-02-16
Aquarius,2018-02-17,2018-03-12
Pisces,2018-03-13,2018-04-19
Aries,2018-04-20,2018-05-14
Taurus,2018-05-15,2018-06-21
Gemini,2018-06-22,2018-07-21
Cancer,2018-07-22,2018-08-10
Leo,2018-08-11,2018-09-17
Virgo,2018-09-18,2018-10-31
Libra,2018-11-01,2018-11-23
Scorpius,2018-11-24,2018-11-30
Ophiucus,2018-12-01,2018-12-18
Sagittarius,2018-12-19,2018-01-20
Capricornus,2018-01-21,2018-02-16
Aquarius,2019-02-17,2019-03-12
Pisces,2019-03-13,2019-04-19
Aries,2019-04-20,2019-05-14
Taurus,2019-05-15,2019-06-22
Gemini,2019-06-23,2019-07-21
Cancer,2019-07-22,2019-08-11
Leo,2019-08-12,2019-09-17
Virgo,2019-09-18,2019-10-31
Libra,2019-11-01,2019-11-23
Scorpius,2019-11-24,2019-11-30
Ophiucus,2019-12-01,2019-12-18
Sagittarius,2019-12-19,2019-01-20
Capricornus,2019-01-21,2019-02-16
Aquarius,2020-02-17,2020-03-12
Pisces,2020-03-13,2020-04-18
Aries,2020-04-19,2020-05-14
Taurus,2020-05-15,2020-06-21
Gemini,2020-06-22,2020-07-20
Cancer,2020-07-21,2020-08-10
Leo,2020-08-11,2020-09-16
Virgo,2020-09-17,2020-10-31
Libra,2020-11-01,2020-11-23
Scorpius,2020-11-24,2020-11-29
Ophiucus,2020-11-30,2020-12-18
Sagittarius,2020-12-19,2020-01-20
Capricornus,2020-01-21,2020-02-16
Aquarius,2021-02-17,2021-03-12
Pisces,2021-03-13,2021-04-18
Aries,2021-04-19,2021-05-14
Taurus,2021-05-15,2021-06-21
Gemini,2021-06-22,2021-07-20
Cancer,2021-07-21,2021-08-10
Leo,2021-08-11,2021-09-16
Virgo,2021-09-17,2021-10-31
Libra,2021-11-01,2021-11-23
Scorpius,2021-11-24,2021-11-29
Ophiucus,2021-11-30,2021-12-18
Sagittarius,2021-12-19,2021-01-19
Capricornus,2021-01-20,2021-02-16
Aquarius,2022-02-17,2022-03-12
Pisces,2022-03-13,2022-04-19
Aries,2022-04-20,2022-05-14
Taurus,2022-05-15,2022-06-21
Gemini,2022-06-22,2022-07-21
Cancer,2022-07-22,2022-08-11
Leo,2022-08-12,2022-09-17
Virgo,2022-09-18,2022-10-31
Libra,2022-11-01,2022-11-23
Scorpius,2022-11-24,2022-11-30
Ophiucus,2022-12-01,2022-12-18
Sagittarius,2022-12-19,2022-01-20
Capricornus,2022-01-21,2022-02-16
Aquarius,2023-02-17,2023-03-12
Pisces,2023-03-13,2023-04-19
Aries,2023-04-20,2023-05-14
Taurus,2023-05-15,2023-06-22
Gemini,2023-06-23,2023-07-21
Cancer,2023-07-22,2023-08-11
Leo,2023-08-12,2023-09-17
Virgo,2023-09-18,2023-10-31
Libra,2023-11-01,2023-11-23
Scorpius,2023-11-24,2023-11-30
Ophiucus,2023-12-01,2023-12-18
Sagittarius,2023-12-19,2023-01-20
Capricornus,2023-01-21,2023-02-16
Aquarius,2024-02-18,2024-03-12
Pisces,2024-03-13,2024-04-18
Aries,2024-04-19,2024-05-14
Taurus,2024-05-15,2024-06-21
Gemini,2024-06-22,2024-07-20
Cancer,2024-07-21,2024-08-10
Leo,2024-08-11,2024-09-16
Virgo,2024-09-17,2024-10-31
Libra,2024-11-01,2024-11-23
Scorpius,2024-11-24,2024-11-29
Ophiucus,2024-11-30,2024-12-18
Sagittarius,2024-12-19,2024-01-20
Capricornus,2024-01-21,2024-02-17
Aquarius,2025-02-17,2025-03-12
Pisces,2025-03-13,2025-04-18
Aries,2025-04-19,2025-05-14
Taurus,2025-05-15,2025-06-21
Gemini,2025-06-22,2025-07-20
Cancer,2025-07-21,2025-08-10
Leo,2025-08-11,2025-09-16
Virgo,2025-09-17,2025-10-31
Libra,2025-11-01,2025-11-23
Scorpius,2025-11-24,2025-11-29
Ophiucus,2025-11-30,2025-12-18
Sagittarius,2025-12-19,2025-01-19
Capricornus,2025-01-20,2025-02-16
Aquarius,2026-02-17,2026-03-12
Pisces,2026-03-13,2026-04-19
Aries,2026-04-20,2026-05-14
Taurus,2026-05-15,2026-06-21
Gemini,2026-06-22,2026-07-21
Cancer,2026-07-22,2026-08-11
Leo,2026-08-12,2026-09-17
Virgo,2026-09-18,2026-10-31
Libra,2026-11-01,2026-11-23
Scorpius,2026-11-24,2026-11-30
Ophiucus,2026-12-01,2026-12-18
Sagittarius,2026-12-19,2026-01-20
Capricornus,2026-01-21,2026-02-16
Aquarius,2027-02-17,2027-03-12
Pisces,2027-03-13,2027-04-19
Aries,2027-04-20,2027-05-14
Taurus,2027-05-15,2027-06-22
Gemini,2027-06-23,2027-07-21
Cancer,2027-07-22,2027-08-11
Leo,2027-08-12,2027-09-17
Virgo,2027-09-18,2027-10-31
Libra,2027-11-01,2027-11-23
Scorpius,2027-11-24,2027-11-30
Ophiucus,2027-12-01,2027-12-18
Sagittarius,2027-12-19,2027-01-20
Capricornus,2027-01-21,2027-02-16
Aquarius,2028-02-18,2028-03-12
Pisces,2028-03-13,2028-04-18
Aries,2028-04-19,2028-05-14
Taurus,2028-05-15,2028-06-21
Gemini,2028-06-22,2028-07-20
Cancer,2028-07-21,2028-08-10
Leo,2028-08-11,2028-09-16
Virgo,2028-09-17,2028-10-31
Libra,2028-11-01,2028-11-23
Scorpius,2028-11-24,2028-11-29
Ophiucus,2028-11-30,2028-12-18
Sagittarius,2028-12-19,2028-01-20
Capricornus,2028-01-21,2028-02-17
Aquarius,2029-02-17,2029-03-12
Pisces,2029-03-13,2029-04-18
Aries,2029-04-19,2029-05-14
Taurus,2029-05-15,2029-06-21
Gemini,2029-06-22,2029-07-20
Cancer,2029-07-21,2029-08-10
Leo,2029-08-11,2029-09-16
Virgo,2029-09-17,2029-10-31
Libra,2029-11-01,2029-11-23
Scorpius,2029-11-24,2029-11-30
Ophiucus,2029-12-01,2029-12-18
Sagittarius,2029-12-19,2029-01-19
Capricornus,2029-01-20,2029-02-16
Aquarius,2030-02-17,2030-03-12
Pisces,2030-03-13,2030-04-19
Aries,2030-04-20,2030-05-14
Taurus,2030-05-15,2030-06-21
Gemini,2030-06-22,2030-07-21
Cancer,2030-07-22,2030-08-11
Leo,2030-08-12,2030-09-17
Virgo,2030-09-18,2030-10-31
Libra,2030-11-01,2030-11-23
Scorpius,2030-11-24,2030-11-30
Ophiucus,2030-12-01,2030-12-18
Sagittarius,2030-12-19,2030-01-20
Capricornus,2030-01-21,2030-02-16
Aquarius,2031-02-17,2031-03-12
Pisces,2031-03-13,2031-04-19
Aries,2031-04-20,2031-05-14
Taurus,2031-05-15,2031-06-22
Gemini,2031-06-23,2031-07-21
Cancer,2031-07-22,2031-08-11
Leo,2031-08-12,2031-09-17
Virgo,2031-09-18,2031-10-31
Libra,2031-11-01,2031-11-24
Scorpius,2031-11-25,2031-11-30
Ophiucus,2031-12-01,2031-12-18
Sagittarius,2031-12-19,2031-01-20
Capricornus,2031-01-21,2031-02-16
Aquarius,2032-02-18,2032-03-12
Pisces,2032-03-13,2032-04-18
Aries,2032-04-19,2032-05-14
Taurus,2032-05-15,2032-06-21
Gemini,2032-06-22,2032-07-20
Cancer,2032-07-21,2032-08-10
Leo,2032-08-11,2032-09-16
Virgo,2032-09-17,2032-10-31
Libra,2032-11-01,2032-11-23
Scorpius,2032-11-24,2032-11-29
Ophiucus,2032-11-30,2032-12-18
Sagittarius,2032-12-19,2032-01-20
Capricornus,2032-01-21,2032-02-17
Aquarius,2033-02-17,2033-03-12
Pisces,2033-03-13,2033-04-18
Aries,2033-04-19,2033-05-14
Taurus,2033-05-15,2033-06-21
Gemini,2033-06-22,2033-07-20
Cancer,2033-07-21,2033-08-10
Leo,2033-08-11,2033-09-16
Virgo,2033-09-17,2033-10-31
Libra,2033-11-01,2033-11-23
Scorpius,2033-11-24,2033-11-30
Ophiucus,2033-12-01,2033-12-18
Sagittarius,2033-12-19,2033-01-19
Capricornus,2033-01-20,2033-02-16
Aquarius,2034-02-17,2034-03-12
Pisces,2034-03-13,2034-04-19
Aries,2034-04-20,2034-05-14
Taurus,2034-05-15,2034-06-21
Gemini,2034-06-22,2034-07-21
Cancer,2034-07-22,2034-08-11
Leo,2034-08-12,2034-09-17
Virgo,2034-09-18,2034-10-31
Libra,2034-11-01,2034-11-23
Scorpius,2034-11-24,2034-11-30
Ophiucus,2034-12-01,2034-12-18
Sagittarius,2034-12-19,2034-01-20
Capricornus,2034-01-21,2034-02-16
Aquarius,2035-02-17,2035-03-12
Pisces,2035-03-13,2035-04-19
Aries,2035-04-20,2035-05-14
Taurus,2035-05-15,2035-06-22
Gemini,2035-06-23,2035-07-21
Cancer,2035-07-22,2035-08-11
Leo,2035-08-12,2035-09-17
Virgo,2035-09-18,2035-10-31
Libra,2035-11-01,2035-11-24
Scorpius,2035-11-25,2035-11-30
Ophiucus,2035-12-01,2035-12-18
Sagittarius,2035-12-19,2035-01-20
Capricornus,2035-01-21,2035-02-16
Aquarius,2036-02-18,2036-03-12
Pisces,2036-03-13,2036-04-18
Aries,2036-04-19,2036-05-14
Taurus,2036-05-15,2036-06-21
Gemini,2036-06-22,2036-07-20
Cancer,2036-07-21,2036-08-10
Leo,2036-08-11,2036-09-16
Virgo,2036-09-17,2036-10-31
Libra,2036-11-01,2036-11-23
Scorpius,2036-11-24,2036-11-29
Ophiucus,2036-11-30,2036-12-18
Sagittarius,2036-12-19,2036-01-20
Capricornus,2036-01-21,2036-02-17
Aquarius,2037-02-17,2037-03-12
Pisces,2037-03-13,2037-04-18
Aries,2037-04-19,2037-05-14
Taurus,2037-05-15,2037-06-21
Gemini,2037-06-22,2037-07-20
Cancer,2037-07-21,2037-08-10
Leo,2037-08-11,2037-09-16
Virgo,2037-09-17,2037-10-31
Libra,2037-11-01,2037-11-23
Scorpius,2037-11-24,2037-11-30
Ophiucus,2037-12-01,2037-12-18
Sagittarius,2037-12-19,2037-01-19
Capricornus,2037-01-20,2037-02-16
Aquarius,2038-02-17,2038-03-12
Pisces,2038-03-13,2038-04-19
Aries,2038-04-20,2038-05-14
Taurus,2038-05-15,2038-06-21
Gemini,2038-06-22,2038-07-21
Cancer,2038-07-22,2038-08-11
Leo,2038-08-12,2038-09-17
Virgo,2038-09-18,2038-10-31
Libra,2038-11-01,2038-11-23
Scorpius,2038-11-24,2038-11-30
Ophiucus,2038-12-01,2038-12-18
Sagittarius,2038-12-19,2038-01-20
Capricornus,2038-01-21,2038-02-16
Aquarius,2039-02-17,2039-03-12
Pisces,2039-03-13,2039-04-19
Aries,2039-04-20,2039-05-14
Taurus,2039-05-15,2039-06-22
Gemini,2039-06-23,2039-07-21
Cancer,2039-07-22,2039-08-11
Leo,2039-08-12,2039-09-17
Virgo,2039-09-18,2039-10-31
Libra,2039-11-01,2039-11-24
Scorpius,2039-11-25,2039-11-30
Ophiucus,2039-12-01,2039-12-18
Sagittarius,2039-12-19,2039-01-20
Capricornus,2039-01-21,2039-02-16
Aquarius,2040-02-18,2040-03-12
Pisces,2040-03-13,2040-04-18
Aries,2040-04-19,2040-05-14
Taurus,2040-05-15,2040-06-21
Gemini,2040-06-22,2040-07-20
Cancer,2040-07-21,2040-08-10
Leo,2040-08-11,2040-09-16
Virgo,2040-09-17,2040-10-31
Libra,2040-11-01,2040-11-23
Scorpius,2040-11-24,2040-11-29
Ophiucus,2040-11-30,2040-12-18
Sagittarius,2040-12-19,2040-01-20
Capricornus,2040-01-21,2040-02-17
Aquarius,2041-02-17,2041-03-12
Pisces,2041-03-13,2041-04-18
Aries,2041-04-19,2041-05-14
Taurus,2041-05-15,2041-06-21
Gemini,2041-06-22,2041-07-20
Cancer,2041-07-21,2041-08-10
Leo,2041-08-11,2041-09-16
Virgo,2041-09-17,2041-10-31
Libra,2041-11-01,2041-11-23
Scorpius,2041-11-24,2041-11-30
Ophiucus,2041-12-01,2041-12-18
Sagittarius,2041-12-19,2041-01-19
Capricornus,2041-01-20,2041-02-16
Aquarius,2042-02-17,2042-03-12
Pisces,2042-03-13,2042-04-19
Aries,2042-04-20,2042-05-14
Taurus,2042-05-15,2042-06-21
Gemini,2042-06-22,2042-07-21
Cancer,2042-07-22,2042-08-11
Leo,2042-08-12,2042-09-17
Virgo,2042-09-18,2042-10-31
Libra,2042-11-01,2042-11-23
Scorpius,2042-11-24,2042-11-30
Ophiucus,2042-12-01,2042-12-18
Sagittarius,2042-12-19,2042-01-20
Capricornus,2042-01-21,2042-02-16
Aquarius,2043-02-17,2043-03-12
Pisces,2043-03-13,2043-04-19
Aries,2043-04-20,2043-05-14
Taurus,2043-05-15,2043-06-22
Gemini,2043-06-23,2043-07-21
Cancer,2043-07-22,2043-08-11
Leo,2043-08-12,2043-09-17
Virgo,2043-09-18,2043-10-31
Libra,2043-11-01,2043-11-24
Scorpius,2043-11-25,2043-11-30
Ophiucus,2043-12-01,2043-12-18
Sagittarius,2043-12-19,2043-01-20
Capricornus,2043-01-21,2043-02-16
Aquarius,2044-02-18,2044-03-12
Pisces,2044-03-13,2044-04-18
Aries,2044-04-19,2044-05-14
Taurus,2044-05-15,2044-06-21
Gemini,2044-06-22,2044-07-20
Cancer,2044-07-21,2044-08-10
Leo,2044-08-11,2044-09-16
Virgo,2044-09-17,2044-10-31
Libra,2044-11-01,2044-11-23
Scorpius,2044-11-24,2044-11-29
Ophiucus,2044-11-30,2044-12-18
Sagittarius,2044-12-19,2044-01-20
Capricornus,2044-01-21,2044-02-17
Aquarius,2045-02-17,2045-03-12
Pisces,2045-03-13,2045-04-18
Aries,2045-04-19,2045-05-14
Taurus,2045-05-15,2045-06-21
Gemini,2045-06-22,2045-07-20
Cancer,2045-07-21,2045-08-10
Leo,2045-08-11,2045-09-16
Virgo,2045-09-17,2045-10-31
Libra,2045-11-01,2045-11-23
Scorpius,2045-11-24,2045-11-30
Ophiucus,2045-12-01,2045-12-18
Sagittarius,2045-12-19,2045-01-19
Capricornus,2045-01-20,2045-02-16
Aquarius,2046-02-17,2046-03-12
Pisces,2046-03-13,2046-04-19
Aries,2046-04-20,2046-05-14
Taurus,2046-05-15,2046-06-22
Gemini,2046-06-23,2046-07-21
Cancer,2046-07-22,2046-08-11
Leo,2046-08-12,2046-09-17
Virgo,2046-09-18,2046-10-31
Libra,2046-11-01,2046-11-23
Scorpius,2046-11-24,2046-11-30
Ophiucus,2046-12-01,2046-12-18
Sagittarius,2046-12-19,2046-01-20
Capricornus,2046-01-21,2046-02-16
Aquarius,2047-02-17,2047-03-12
Pisces,2047-03-13,2047-04-19
Aries,2047-04-20,2047-05-14
Taurus,2047-05-15,2047-06-22
Gemini,2047-06-23,2047-07-21
Cancer,2047-07-22,2047-08-11
Leo,2047-08-12,2047-09-17
Virgo,2047-09-18,2047-10-31
Libra,2047-11-01,2047-11-24
Scorpius,2047-11-25,2047-11-30
Ophiucus,2047-12-01,2047-12-18
Sagittarius,2047-12-19,2047-01-20
Capricornus,2047-01-21,2047-02-16
Aquarius,2048-02-18,2048-03-12
Pisces,2048-03-13,2048-04-18
Aries,2048-04-19,2048-05-14
Taurus,2048-05-15,2048-06-21
Gemini,2048-06-22,2048-07-20
Cancer,2048-07-21,2048-08-10
Leo,2048-08-11,2048-09-16
Virgo,2048-09-17,2048-10-31
Libra,2048-11-01,2048-11-23
Scorpius,2048-11-24,2048-11-29
Ophiucus,2048-11-30,2048-12-18
Sagittarius,2048-12-19,2048-01-20
Capricornus,2048-01-21,2048-02-17
Aquarius,2049-02-17,2049-03-12
Pisces,2049-03-13,2049-04-18
Aries,2049-04-19,2049-05-14
Taurus,2049-05-15,2049-06-21
Gemini,2049-06-22,2049-07-20
Cancer,2049-07-21,2049-08-10
Leo,2049-08-11,2049-09-16
Virgo,2049-09-17,2049-10-31
Libra,2049-11-01,2049-11-23
Scorpius,2049-11-24,2049-11-30
Ophiucus,2049-12-01,2049-12-18
Sagittarius,2049-12-19,2049-01-19
Capricornus,2049-01-20,2049-02-16
Aquarius,2050-02-17,2050-03-12
Pisces,2050-03-13,2050-04-19
Aries,2050-04-20,2050-05-14
Taurus,2050-05-15,2050-06-22
Gemini,2050-06-23,2050-07-21
Cancer,2050-07-22,2050-08-11
Leo,2050-08-12,2050-09-17
Virgo,2050-09-18,2050-10-31
Libra,2050-11-01,2050-11-23
Scorpius,2050-11-24,2050-11-30
Ophiucus,2050-12-01,2050-12-18
Sagittarius,2050-12-19,2050-01-20
Capricornus,2050-01-21,2050-02-16
Aquarius,2051-02-17,2051-03-13
Pisces,2051-03-14,2051-04-19
Aries,2051-04-20,2051-05-14
Taurus,2051-05-15,2051-06-22
Gemini,2051-06-23,2051-07-21
Cancer,2051-07-22,2051-08-11
Leo,2051-08-12,2051-09-17
Virgo,2051-09-18,2051-11-01
Libra,2051-11-02,2051-11-24
Scorpius,2051-11-25,2051-11-30
Ophiucus,2051-12-01,2051-12-18
Sagittarius,2051-12-19,2051-01-20
Capricornus,2051-01-21,2051-02-16
Aquarius,2052-02-18,2052-03-12
Pisces,2052-03-13,2052-04-18
Aries,2052-04-19,2052-05-14
Taurus,2052-05-15,2052-06-21
Gemini,2052-06-22,2052-07-20
Cancer,2052-07-21,2052-08-10
Leo,2052-08-11,2052-09-16
Virgo,2052-09-17,2052-10-31
Libra,2052-11-01,2052-11-23
Scorpius,2052-11-24,2052-11-29
Ophiucus,2052-11-30,2052-12-18
Sagittarius,2052-12-19,2052-01-20
Capricornus,2052-01-21,2052-02-17
Aquarius,2053-02-17,2053-03-12
Pisces,2053-03-13,2053-04-19
Aries,2053-04-20,2053-05-14
Taurus,2053-05-15,2053-06-21
Gemini,2053-06-22,2053-07-21
Cancer,2053-07-22,2053-08-10
Leo,2053-08-11,2053-09-17
Virgo,2053-09-18,2053-10-31
Libra,2053-11-01,2053-11-23
Scorpius,2053-11-24,2053-11-30
Ophiucus,2053-12-01,2053-12-18
Sagittarius,2053-12-19,2053-01-20
Capricornus,2053-01-21,2053-02-16
Aquarius,2054-02-17,2054-03-12
Pisces,2054-03-13,2054-04-19
Aries,2054-04-20,2054-05-14
Taurus,2054-05-15,2054-06-22
Gemini,2054-06-23,2054-07-21
Cancer,2054-07-22,2054-08-11
Leo,2054-08-12,2054-09-17
Virgo,2054-09-18,2054-10-31
Libra,2054-11-01,2054-11-23
Scorpius,2054-11-24,2054-11-30
Ophiucus,2054-12-01,2054-12-18
Sagittarius,2054-12-19,2054-01-20
Capricornus,2054-01-21,2054-02-16
Aquarius,2055-02-17,2055-03-13
Pisces,2055-03-14,2055-04-19
Aries,2055-04-20,2055-05-15
Taurus,2055-05-16,2055-06-22
Gemini,2055-06-23,2055-07-21
Cancer,2055-07-22,2055-08-11
Leo,2055-08-12,2055-09-17
Virgo,2055-09-18,2055-11-01
Libra,2055-11-02,2055-11-24
Scorpius,2055-11-25,2055-11-30
Ophiucus,2055-12-01,2055-12-18
Sagittarius,2055-12-19,2055-01-20
Capricornus,2055-01-21,2055-02-16
Aquarius,2056-02-18,2056-03-12
Pisces,2056-03-13,2056-04-18
Aries,2056-04-19,2056-05-14
Taurus,2056-05-15,2056-06-21
Gemini,2056-06-22,2056-07-20
Cancer,2056-07-21,2056-08-10
Leo,2056-08-11,2056-09-16
Virgo,2056-09-17,2056-10-31
Libra,2056-11-01,2056-11-23
Scorpius,2056-11-24,2056-11-29
Ophiucus,2056-11-30,2056-12-18
Sagittarius,2056-12-19,2056-01-20
Capricornus,2056-01-21,2056-02-17
Aquarius,2057-02-17,2057-03-12
Pisces,2057-03-13,2057-04-19
Aries,2057-04-20,2057-05-14
Taurus,2057-05-15,2057-06-21
Gemini,2057-06-22,2057-07-21
Cancer,2057-07-22,2057-08-10
Leo,2057-08-11,2057-09-17
Virgo,2057-09-18,2057-10-31
Libra,2057-11-01,2057-11-23
Scorpius,2057-11-24,2057-11-30
Ophiucus,2057-12-01,2057-12-18
Sagittarius,2057-12-19,2057-01-20
Capricornus,2057-01-21,2057-02-16
Aquarius,2058-02-17,2058-03-12
Pisces,2058-03-13,2058-04-19
Aries,2058-04-20,2058-05-14
Taurus,2058-05-15,2058-06-22
Gemini,2058-06-23,2058-07-21
Cancer,2058-07-22,2058-08-11
Leo,2058-08-12,2058-09-17
Virgo,2058-09-18,2058-10-31
Libra,2058-11-01,2058-11-23
Scorpius,2058-11-24,2058-11-30
Ophiucus,2058-12-01,2058-12-18
Sagittarius,2058-12-19,2058-01-20
Capricornus,2058-01-21,2058-02-16
Aquarius,2059-02-17,2059-03-13
Pisces,2059-03-14,2059-04-19
Aries,2059-04-20,2059-05-15
Taurus,2059-05-16,2059-06-22
Gemini,2059-06-23,2059-07-21
Cancer,2059-07-22,2059-08-11
Leo,2059-08-12,2059-09-17
Virgo,2059-09-18,2059-11-01
Libra,2059-11-02,2059-11-24
Scorpius,2059-11-25,2059-11-30
Ophiucus,2059-12-01,2059-12-19
Sagittarius,2059-12-20,2059-01-20
Capricornus,2059-01-21,2059-02-16
Aquarius,2060-02-18,2060-03-12
Pisces,2060-03-13,2060-04-18
Aries,2060-04-19,2060-05-14
Taurus,2060-05-15,2060-06-21
Gemini,2060-06-22,2060-07-20
Cancer,2060-07-21,2060-08-10
Leo,2060-08-11,2060-09-16
Virgo,2060-09-17,2060-10-31
Libra,2060-11-01,2060-11-23
Scorpius,2060-11-24,2060-11-29
Ophiucus,2060-11-30,2060-12-18
Sagittarius,2060-12-19,2060-01-20
Capricornus,2060-01-21,2060-02-17
Aquarius,2061-02-17,2061-03-12
Pisces,2061-03-13,2061-04-19
Aries,2061-04-20,2061-05-14
Taurus,2061-05-15,2061-06-21
Gemini,2061-06-22,2061-07-21
Cancer,2061-07-22,2061-08-11
Leo,2061-08-12,2061-09-17
Virgo,2061-09-18,2061-10-31
Libra,2061-11-01,2061-11-23
Scorpius,2061-11-24,2061-11-30
Ophiucus,2061-12-01,2061-12-18
Sagittarius,2061-12-19,2061-01-20
Capricornus,2061-01-21,2061-02-16
Aquarius,2062-02-17,2062-03-12
Pisces,2062-03-13,2062-04-19
Aries,2062-04-20,2062-05-14
Taurus,2062-05-15,2062-06-22
Gemini,2062-06-23,2062-07-21
Cancer,2062-07-22,2062-08-11
Leo,2062-08-12,2062-09-17
Virgo,2062-09-18,2062-10-31
Libra,2062-11-01,2062-11-23
Scorpius,2062-11-24,2062-11-30
Ophiucus,2062-12-01,2062-12-18
Sagittarius,2062-12-19,2062-01-20
Capricornus,2062-01-21,2062-02-16
Aquarius,2063-02-18,2063-03-13
Pisces,2063-03-14,2063-04-19
Aries,2063-04-20,2063-05-15
Taurus,2063-05-16,2063-06-22
Gemini,2063-06-23,2063-07-21
Cancer,2063-07-22,2063-08-11
Leo,2063-08-12,2063-09-17
Virgo,2063-09-18,2063-11-01
Libra,2063-11-02,2063-11-24
Scorpius,2063-11-25,2063-11-30
Ophiucus,2063-12-01,2063-12-19
Sagittarius,2063-12-20,2063-01-20
Capricornus,2063-01-21,2063-02-17
Aquarius,2064-02-18,2064-03-12
Pisces,2064-03-13,2064-04-18
Aries,2064-04-19,2064-05-14
Taurus,2064-05-15,2064-06-21
Gemini,2064-06-22,2064-07-20
Cancer,2064-07-21,2064-08-10
Leo,2064-08-11,2064-09-16
Virgo,2064-09-17,2064-10-31
Libra,2064-11-01,2064-11-23
Scorpius,2064-11-24,2064-11-29
Ophiucus,2064-11-30,2064-12-18
Sagittarius,2064-12-19,2064-01-20
Capricornus,2064-01-21,2064-02-17
Aquarius,2065-02-17,2065-03-12
Pisces,2065-03-13,2065-04-19
Aries,2065-04-20,2065-05-14
Taurus,2065-05-15,2065-06-21
Gemini,2065-06-22,2065-07-21
Cancer,2065-07-22,2065-08-11
Leo,2065-08-12,2065-09-17
Virgo,2065-09-18,2065-10-31
Libra,2065-11-01,2065-11-23
Scorpius,2065-11-24,2065-11-30
Ophiucus,2065-12-01,2065-12-18
Sagittarius,2065-12-19,2065-01-20
Capricornus,2065-01-21,2065-02-16
Aquarius,2066-02-17,2066-03-12
Pisces,2066-03-13,2066-04-19
Aries,2066-04-20,2066-05-14
Taurus,2066-05-15,2066-06-22
Gemini,2066-06-23,2066-07-21
Cancer,2066-07-22,2066-08-11
Leo,2066-08-12,2066-09-17
Virgo,2066-09-18,2066-10-31
Libra,2066-11-01,2066-11-24
Scorpius,2066-11-25,2066-11-30
Ophiucus,2066-12-01,2066-12-18
Sagittarius,2066-12-19,2066-01-20
Capricornus,2066-01-21,2066-02-16
Aquarius,2067-02-18,2067-03-13
Pisces,2067-03-14,2067-04-19
Aries,2067-04-20,2067-05-15
Taurus,2067-05-16,2067-06-22
Gemini,2067-06-23,2067-07-21
Cancer,2067-07-22,2067-08-11
Leo,2067-08-12,2067-09-17
Virgo,2067-09-18,2067-11-01
Libra,2067-11-02,2067-11-24
Scorpius,2067-11-25,2067-11-30
Ophiucus,2067-12-01,2067-12-19
Sagittarius,2067-12-20,2067-01-20
Capricornus,2067-01-21,2067-02-17
Aquarius,2068-02-18,2068-03-12
Pisces,2068-03-13,2068-04-18
Aries,2068-04-19,2068-05-14
Taurus,2068-05-15,2068-06-21
Gemini,2068-06-22,2068-07-20
Cancer,2068-07-21,2068-08-10
Leo,2068-08-11,2068-09-16
Virgo,2068-09-17,2068-10-31
Libra,2068-11-01,2068-11-23
Scorpius,2068-11-24,2068-11-30
Ophiucus,2068-12-01,2068-12-18
Sagittarius,2068-12-19,2068-01-20
Capricornus,2068-01-21,2068-02-17
Aquarius,2069-02-17,2069-03-12
Pisces,2069-03-13,2069-04-19
Aries,2069-04-20,2069-05-14
Taurus,2069-05-15,2069-06-21
Gemini,2069-06-22,2069-07-21
Cancer,2069-07-22,2069-08-11
Leo,2069-08-12,2069-09-17
Virgo,2069-09-18,2069-10-31
Libra,2069-11-01,2069-11-23
Scorpius,2069-11-24,2069-11-30
Ophiucus,2069-12-01,2069-12-18
Sagittarius,2069-12-19,2069-01-20
Capricornus,2069-01-21,2069-02-16
Aquarius,2070-02-17,2070-03-12
Pisces,2070-03-13,2070-04-19
Aries,2070-04-20,2070-05-14
Taurus,2070-05-15,2070-06-22
Gemini,2070-06-23,2070-07-21
Cancer,2070-07-22,2070-08-11
Leo,2070-08-12,2070-09-17
Virgo,2070-09-18,2070-10-31
Libra,2070-11-01,2070-11-24
Scorpius,2070-11-25,2070-11-30
Ophiucus,2070-12-01,2070-12-18
Sagittarius,2070-12-19,2070-01-20
Capricornus,2070-01-21,2070-02-16
Aquarius,2071-02-18,2071-03-13
Pisces,2071-03-14,2071-04-19
Aries,2071-04-20,2071-05-15
Taurus,2071-05-16,2071-06-22
Gemini,2071-06-23,2071-07-21
Cancer,2071-07-22,2071-08-11
Leo,2071-08-12,2071-09-17
Virgo,2071-09-18,2071-11-01
Libra,2071-11-02,2071-11-24
Scorpius,2071-11-25,2071-11-30
Ophiucus,2071-12-01,2071-12-19
Sagittarius,2071-12-20,2071-01-20
Capricornus,2071-01-21,2071-02-17
Aquarius,2072-02-18,2072-03-12
Pisces,2072-03-13,2072-04-18
Aries,2072-04-19,2072-05-14
Taurus,2072-05-15,2072-06-21
Gemini,2072-06-22,2072-07-20
Cancer,2072-07-21,2072-08-10
Leo,2072-08-11,2072-09-16
Virgo,2072-09-17,2072-10-31
Libra,2072-11-01,2072-11-23
Scorpius,2072-11-24,2072-11-30
Ophiucus,2072-12-01,2072-12-18
Sagittarius,2072-12-19,2072-01-20
Capricornus,2072-01-21,2072-02-17
Aquarius,2073-02-17,2073-03-12
Pisces,2073-03-13,2073-04-19
Aries,2073-04-20,2073-05-14
Taurus,2073-05-15,2073-06-21
Gemini,2073-06-22,2073-07-21
Cancer,2073-07-22,2073-08-11
Leo,2073-08-12,2073-09-17
Virgo,2073-09-18,2073-10-31
Libra,2073-11-01,2073-11-23
Scorpius,2073-11-24,2073-11-30
Ophiucus,2073-12-01,2073-12-18
Sagittarius,2073-12-19,2073-01-20
Capricornus,2073-01-21,2073-02-16
Aquarius,2074-02-17,2074-03-12
Pisces,2074-03-13,2074-04-19
Aries,2074-04-20,2074-05-14
Taurus,2074-05-15,2074-06-22
Gemini,2074-06-23,2074-07-21
Cancer,2074-07-22,2074-08-11
Leo,2074-08-12,2074-09-17
Virgo,2074-09-18,2074-10-31
Libra,2074-11-01,2074-11-24
Scorpius,2074-11-25,2074-11-30
Ophiucus,2074-12-01,2074-12-18
Sagittarius,2074-12-19,2074-01-20
Capricornus,2074-01-21,2074-02-16
Aquarius,2075-02-18,2075-03-13
Pisces,2075-03-14,2075-04-19
Aries,2075-04-20,2075-05-15
Taurus,2075-05-16,2075-06-22
Gemini,2075-06-23,2075-07-21
Cancer,2075-07-22,2075-08-11
Leo,2075-08-12,2075-09-17
Virgo,2075-09-18,2075-11-01
Libra,2075-11-02,2075-11-24
Scorpius,2075-11-25,2075-11-30
Ophiucus,2075-12-01,2075-12-19
Sagittarius,2075-12-20,2075-01-20
Capricornus,2075-01-21,2075-02-17
Aquarius,2076-02-18,2076-03-12
Pisces,2076-03-13,2076-04-18
Aries,2076-04-19,2076-05-14
Taurus,2076-05-15,2076-06-21
Gemini,2076-06-22,2076-07-20
Cancer,2076-07-21,2076-08-10
Leo,2076-08-11,2076-09-16
Virgo,2076-09-17,2076-10-31
Libra,2076-11-01,2076-11-23
Scorpius,2076-11-24,2076-11-30
Ophiucus,2076-12-01,2076-12-18
Sagittarius,2076-12-19,2076-01-20
Capricornus,2076-01-21,2076-02-17
Aquarius,2077-02-17,2077-03-12
Pisces,2077-03-13,2077-04-19
Aries,2077-04-20,2077-05-14
Taurus,2077-05-15,2077-06-21
Gemini,2077-06-22,2077-07-21
Cancer,2077-07-22,2077-08-11
Leo,2077-08-12,2077-09-17
Virgo,2077-09-18,2077-10-31
Libra,2077-11-01,2077-11-23
Scorpius,2077-11-24,2077-11-30
Ophiucus,2077-12-01,2077-12-18
Sagittarius,2077-12-19,2077-01-20
Capricornus,2077-01-21,2077-02-16
Aquarius,2078-02-17,2078-03-12
Pisces,2078-03-13,2078-04-19
Aries,2078-04-20,2078-05-14
Taurus,2078-05-15,2078-06-22
Gemini,2078-06-23,2078-07-21
Cancer,2078-07-22,2078-08-11
Leo,2078-08-12,2078-09-17
Virgo,2078-09-18,2078-10-31
Libra,2078-11-01,2078-11-24
Scorpius,2078-11-25,2078-11-30
Ophiucus,2078-12-01,2078-12-18
Sagittarius,2078-12-19,2078-01-20
Capricornus,2078-01-21,2078-02-16
Aquarius,2079-02-18,2079-03-13
Pisces,2079-03-14,2079-04-19
Aries,2079-04-20,2079-05-15
Taurus,2079-05-16,2079-06-22
Gemini,2079-06-23,2079-07-21
Cancer,2079-07-22,2079-08-11
Leo,2079-08-12,2079-09-17
Virgo,2079-09-18,2079-11-01
Libra,2079-11-02,2079-11-24
Scorpius,2079-11-25,2079-11-30
Ophiucus,2079-12-01,2079-12-19
Sagittarius,2079-12-20,2079-01-20
Capricornus,2079-01-21,2079-02-17
Aquarius,2080-02-18,2080-03-12
Pisces,2080-03-13,2080-04-18
Aries,2080-04-19,2080-05-14
Taurus,2080-05-15,2080-06-21
Gemini,2080-06-22,2080-07-20
Cancer,2080-07-21,2080-08-10
Leo,2080-08-11,2080-09-16
Virgo,2080-09-17,2080-10-31
Libra,2080-11-01,2080-11-23
Scorpius,2080-11-24,2080-11-30
Ophiucus,2080-12-01,2080-12-18
Sagittarius,2080-12-19,2080-01-20
Capricornus,2080-01-21,2080-02-17
Aquarius,2081-02-17,2081-03-12
Pisces,2081-03-13,2081-04-19
Aries,2081-04-20,2081-05-14
Taurus,2081-05-15,2081-06-21
Gemini,2081-06-22,2081-07-21
Cancer,2081-07-22,2081-08-11
Leo,2081-08-12,2081-09-17
Virgo,2081-09-18,2081-10-31
Libra,2081-11-01,2081-11-23
Scorpius,2081-11-24,2081-11-30
Ophiucus,2081-12-01,2081-12-18
Sagittarius,2081-12-19,2081-01-20
Capricornus,2081-01-21,2081-02-16
Aquarius,2082-02-17,2082-03-12
Pisces,2082-03-13,2082-04-19
Aries,2082-04-20,2082-05-14
Taurus,2082-05-15,2082-06-22
Gemini,2082-06-23,2082-07-21
Cancer,2082-07-22,2082-08-11
Leo,2082-08-12,2082-09-17
Virgo,2082-09-18,2082-10-31
Libra,2082-11-01,2082-11-24
Scorpius,2082-11-25,2082-11-30
Ophiucus,2082-12-01,2082-12-18
Sagittarius,2082-12-19,2082-01-20
Capricornus,2082-01-21,2082-02-16
Aquarius,2083-02-18,2083-03-13
Pisces,2083-03-14,2083-04-19
Aries,2083-04-20,2083-05-15
Taurus,2083-05-16,2083-06-22
Gemini,2083-06-23,2083-07-21
Cancer,2083-07-22,2083-08-11
Leo,2083-08-12,2083-09-17
Virgo,2083-09-18,2083-11-01
Libra,2083-11-02,2083-11-24
Scorpius,2083-11-25,2083-11-30
Ophiucus,2083-12-01,2083-12-19
Sagittarius,2083-12-20,2083-01-20
Capricornus,2083-01-21,2083-02-17
Aquarius,2084-02-18,2084-03-12
Pisces,2084-03-13,2084-04-18
Aries,2084-04-19,2084-05-14
Taurus,2084-05-15,2084-06-21
Gemini,2084-06-22,2084-07-20
Cancer,2084-07-21,2084-08-10
Leo,2084-08-11,2084-09-16
Virgo,2084-09-17,2084-10-31
Libra,2084-11-01,2084-11-23
Scorpius,2084-11-24,2084-11-30
Ophiucus,2084-12-01,2084-12-18
Sagittarius,2084-12-19,2084-01-20
Capricornus,2084-01-21,2084-02-17
Aquarius,2085-02-17,2085-03-12
Pisces,2085-03-13,2085-04-19
Aries,2085-04-20,2085-05-14
Taurus,2085-05-15,2085-06-22
Gemini,2085-06-23,2085-07-21
Cancer,2085-07-22,2085-08-11
Leo,2085-08-12,2085-09-17
Virgo,2085-09-18,2085-10-31
Libra,2085-11-01,2085-11-23
Scorpius,2085-11-24,2085-11-30
Ophiucus,2085-12-01,2085-12-18
Sagittarius,2085-12-19,2085-01-20
Capricornus,2085-01-21,2085-02-16
Aquarius,2086-02-17,2086-03-12
Pisces,2086-03-13,2086-04-19
Aries,2086-04-20,2086-05-14
Taurus,2086-05-15,2086-06-22
Gemini,2086-06-23,2086-07-21
Cancer,2086-07-22,2086-08-11
Leo,2086-08-12,2086-09-17
Virgo,2086-09-18,2086-10-31
Libra,2086-11-01,2086-11-24
Scorpius,2086-11-25,2086-11-30
Ophiucus,2086-12-01,2086-12-18
Sagittarius,2086-12-19,2086-01-20
Capricornus,2086-01-21,2086-02-16
Aquarius,2087-02-18,2087-03-13
Pisces,2087-03-14,2087-04-19
Aries,2087-04-20,2087-05-15
Taurus,2087-05-16,2087-06-22
Gemini,2087-06-23,2087-07-21
Cancer,2087-07-22,2087-08-11
Leo,2087-08-12,2087-09-17
Virgo,2087-09-18,2087-11-01
Libra,2087-11-02,2087-11-24
Scorpius,2087-11-25,2087-11-30
Ophiucus,2087-12-01,2087-12-19
Sagittarius,2087-12-20,2087-01-20
Capricornus,2087-01-21,2087-02-17
Aquarius,2088-02-18,2088-03-12
Pisces,2088-03-13,2088-04-18
Aries,2088-04-19,2088-05-14
Taurus,2088-05-15,2088-06-21
Gemini,2088-06-22,2088-07-20
Cancer,2088-07-21,2088-08-10
Leo,2088-08-11,2088-09-16
Virgo,2088-09-17,2088-10-31
Libra,2088-11-01,2088-11-23
Scorpius,2088-11-24,2088-11-30
Ophiucus,2088-12-01,2088-12-18
Sagittarius,2088-12-19,2088-01-20
Capricornus,2088-01-21,2088-02-17
Aquarius,2089-02-17,2089-03-12
Pisces,2089-03-13,2089-04-19
Aries,2089-04-20,2089-05-14
Taurus,2089-05-15,2089-06-22
Gemini,2089-06-23,2089-07-21
Cancer,2089-07-22,2089-08-11
Leo,2089-08-12,2089-09-17
Virgo,2089-09-18,2089-10-31
Libra,2089-11-01,2089-11-23
Scorpius,2089-11-24,2089-11-30
Ophiucus,2089-12-01,2089-12-18
Sagittarius,2089-12-19,2089-01-20
Capricornus,2089-01-21,2089-02-16
Aquarius,2090-02-17,2090-03-13
Pisces,2090-03-14,2090-04-19
Aries,2090-04-20,2090-05-14
Taurus,2090-05-15,2090-06-22
Gemini,2090-06-23,2090-07-21
Cancer,2090-07-22,2090-08-11
Leo,2090-08-12,2090-09-17
Virgo,2090-09-18,2090-11-01
Libra,2090-11-02,2090-11-24
Scorpius,2090-11-25,2090-11-30
Ophiucus,2090-12-01,2090-12-18
Sagittarius,2090-12-19,2090-01-20
Capricornus,2090-01-21,2090-02-16
Aquarius,2091-02-18,2091-03-13
Pisces,2091-03-14,2091-04-19
Aries,2091-04-20,2091-05-15
Taurus,2091-05-16,2091-06-22
Gemini,2091-06-23,2091-07-21
Cancer,2091-07-22,2091-08-11
Leo,2091-08-12,2091-09-17
Virgo,2091-09-18,2091-11-01
Libra,2091-11-02,2091-11-24
Scorpius,2091-11-25,2091-11-30
Ophiucus,2091-12-01,2091-12-19
Sagittarius,2091-12-20,2091-01-20
Capricornus,2091-01-21,2091-02-17
Aquarius,2092-02-18,2092-03-12
Pisces,2092-03-13,2092-04-19
Aries,2092-04-20,2092-05-14
Taurus,2092-05-15,2092-06-21
Gemini,2092-06-22,2092-07-21
Cancer,2092-07-22,2092-08-10
Leo,2092-08-11,2092-09-17
Virgo,2092-09-18,2092-10-31
Libra,2092-11-01,2092-11-23
Scorpius,2092-11-24,2092-11-30
Ophiucus,2092-12-01,2092-12-18
Sagittarius,2092-12-19,2092-01-21
Capricornus,2092-01-22,2092-02-17
Aquarius,2093-02-17,2093-03-12
Pisces,2093-03-13,2093-04-19
Aries,2093-04-20,2093-05-14
Taurus,2093-05-15,2093-06-22
Gemini,2093-06-23,2093-07-21
Cancer,2093-07-22,2093-08-11
Leo,2093-08-12,2093-09-17
Virgo,2093-09-18,2093-10-31
Libra,2093-11-01,2093-11-23
Scorpius,2093-11-24,2093-11-30
Ophiucus,2093-12-01,2093-12-18
Sagittarius,2093-12-19,2093-01-20
Capricornus,2093-01-21,2093-02-16
Aquarius,2094-02-17,2094-03-13
Pisces,2094-03-14,2094-04-19
Aries,2094-04-20,2094-05-14
Taurus,2094-05-15,2094-06-22
Gemini,2094-06-23,2094-07-21
Cancer,2094-07-22,2094-08-11
Leo,2094-08-12,2094-09-17
Virgo,2094-09-18,2094-11-01
Libra,2094-11-02,2094-11-24
Scorpius,2094-11-25,2094-11-30
Ophiucus,2094-12-01,2094-12-18
Sagittarius,2094-12-19,2094-01-20
Capricornus,2094-01-21,2094-02-16
Aquarius,2095-02-18,2095-03-13
Pisces,2095-03-14,2095-04-19
Aries,2095-04-20,2095-05-15
Taurus,2095-05-16,2095-06-22
Gemini,2095-06-23,2095-07-21
Cancer,2095-07-22,2095-08-11
Leo,2095-08-12,2095-09-17
Virgo,2095-09-18,2095-11-01
Libra,2095-11-02,2095-11-24
Scorpius,2095-11-25,2095-11-30
Ophiucus,2095-12-01,2095-12-19
Sagittarius,2095-12-20,2095-01-20
Capricornus,2095-01-21,2095-02-17
Aquarius,2096-02-18,2096-03-12
Pisces,2096-03-13,2096-04-19
Aries,2096-04-20,2096-05-14
Taurus,2096-05-15,2096-06-21
Gemini,2096-06-22,2096-07-21
Cancer,2096-07-22,2096-08-10
Leo,2096-08-11,2096-09-17
Virgo,2096-09-18,2096-10-31
Libra,2096-11-01,2096-11-23
Scorpius,2096-11-24,2096-11-30
Ophiucus,2096-12-01,2096-12-18
Sagittarius,2096-12-19,2096-01-21
Capricornus,2096-01-22,2096-02-17
Aquarius,2097-02-17,2097-03-12
Pisces,2097-03-13,2097-04-19
Aries,2097-04-20,2097-05-14
Taurus,2097-05-15,2097-06-22
Gemini,2097-06-23,2097-07-21
Cancer,2097-07-22,2097-08-11
Leo,2097-08-12,2097-09-17
Virgo,2097-09-18,2097-10-31
Libra,2097-11-01,2097-11-23
Scorpius,2097-11-24,2097-11-30
Ophiucus,2097-12-01,2097-12-18
Sagittarius,2097-12-19,2097-01-20
Capricornus,2097-01-21,2097-02-16
Aquarius,2098-02-18,2098-03-13
Pisces,2098-03-14,2098-04-19
Aries,2098-04-20,2098-05-15
Taurus,2098-05-16,2098-06-22
Gemini,2098-06-23,2098-07-21
Cancer,2098-07-22,2098-08-11
Leo,2098-08-12,2098-09-17
Virgo,2098-09-18,2098-11-01
Libra,2098-11-02,2098-11-24
Scorpius,2098-11-25,2098-11-30
Ophiucus,2098-12-01,2098-12-19
Sagittarius,2098-12-20,2098-01-20
Capricornus,2098-01-21,2098-02-17
Aquarius,2099-02-18,2099-03-13
Pisces,2099-03-14,2099-04-19
Aries,2099-04-20,2099-05-15
Taurus,2099-05-16,2099-06-22
Gemini,2099-06-23,2099-07-21
Cancer,2099-07-22,2099-08-11
Leo,2099-08-12,2099-09-17
Virgo,2099-09-18,2099-11-01
Libra,2099-11-02,2099-11-24
Scorpius,2099-11-25,2099-11-30
Ophiucus,2099-12-01,2099-12-19
Sagittarius,2099-12-20,2099-01-20
Capricornus,2099-01-21,2099-02-17
